Ponto;Tipo;Amostras;Data da coleta;Dias de chuva;pH;Condutividade;Altura de chuva;Vaz緌;Temperatura;Na (CI);NH4 (CI);K (CI);Mg (CI);Ca (CI);F;CH3COO;CHOO;Cl;NO2 (CI);Br;NO3 (CI);SO4;CH2(COO)2;C2O4 ;PO4 (CI);NH4 (ESP);NO2 (ESP) ;NO3 (ESP);NOD;NTD;NP;NT;PO4 (ESP);POD;PTD;PP;PT;COD;CID;CD;HCO3 (M) ;HCO3 (A);Si;Na (ICP);Ca (ICP);Mg (ICP);K (ICP);Fe;Al;Mn;Ba;Cu;Ga;Li;Mo;Ni;Rb;Sr;V;Zn;La;Ce;Pr;Sm;Eu;Gd;Nd;Pb
;;;;;;uS cm-1;dm;m3 s-1;  ?C        ;然;然;然;然;然;然;然;然;然;然;然;然;然;然;然;然;然;然;然;然;然;然;然;然;然;然;然;然;然;然;然;然;然;然;然;然;然;然;然;然;然;然;然;然;然;然;然;然;然;然;然;然;然;然;然;然;然;ppb;ppb
Bonfim;Fluvial;BM180505;05/05/2018;;5.6;6.9;;0.2;14.9;46.05;0.90;6.87;2.00;4.29;1.70;3.66;1.94;9.66;0.19;0.12;2.00;2.03;0.01;0.30;0.14;0.03;0.05;0.03;;;;;0.54;2.70;3.24;;;122.92;13.88;136.75;132;48;114.29;47.41;7.26;3.29;6.06;0.39;1.37;0.005;0.03;0.0035;0.0023;0.04;0.0010;0.0002;0.013;0.044;0.002;0.002;0.002;0.003;0.00033;0.00012;0.00002;0.00012;0.25;0.04
Bonfim;Fluvial;BM180526;26/05/2018;;6.0;6.6;;0.1;13.1;47.63;0.10;6.80;1.90;4.23;1.60;1.85;1.36;8.89;0.15;0.03;3.12;7.25;0.01;0.17;0.12;0.03;0.04;0.01;;;;;0.26;2.78;3.04;;;102.00;49.60;151.58;19;;117.14;44.98;8.53;3.70;6.26;0.39;1.59;0.005;0.03;0.0014;0.0019;0.04;0.0009;0.0004;0.013;0.046;0.003;0.043;0.002;0.003;0.00042;0.00021;0.00003;0.00021;0.20;0.05
Bonfim;Fluvial;BM180629;29/06/2018;;6.7;7.2;;0.1;12.5;59.30;0.10;8.84;2.70;5.78;1.75;1.87;0.86;9.38;0.08;0.03;3.34;9.33;0.01;0.37;0.21;0.03;0.03;1.24;;;;;0.43;3.78;4.21;;;97.83;11.79;109.58;280;48;135.44;49.85;9.16;3.79;6.98;0.28;0.85;0.006;0.03;0.0008;0.0018;0.04;0.0003;0.0003;0.015;0.053;0.002;0.039;0.002;0.003;0.00033;0.00023;0.00003;0.00015;0.18;0.01
Bonfim;Fluvial;BM180731 ;31/07/2018;;6.5;7.8;;0.1;13.6;60.36;0.10;8.35;2.60;5.39;1.84;3.84;1.06;8.94;0.25;0.03;3.13;9.69;0.01;0.30;0.20;1.01;0.05;1.50;;;;;0.56;1.36;1.92;;;118.58;3.53;122.08;25;;111.13;41.96;8.42;3.75;6.00;0.31;0.65;0.006;0.03;0.0011;0.0021;0.03;0.0004;0.0002;0.013;0.048;0.002;0.002;0.001;0.002;0.00028;0.00009;0.00002;0.00012;0.13;0.01
Bonfim;Fluvial;BM180831;31/08/2018;;6.8;7.9;;0.1;14.3;61.78;0.50;10.05;2.50;6.18;1.53;3.37;1.75;15.88;0.16;0.08;5.74;12.01;0.13;0.77;0.18;0.03;0.06;1.30;;6.32;0.62;6.94;0.50;1.97;2.47;;;230.58;29.24;259.86;94;;75.84;249.65;49.53;22.73;24.42;1.36;3.70;0.010;0.02;0.0014;0.0020;0.03;0.0003;0.0012;0.023;0.056;0.001;0.002;0.002;0.003;0.00035;0.00020;0.00001;0.00013;0.24;0.01
Bonfim;Fluvial;BM180929;29/09/2018;;6.1;9.3;;0.1;17.6;52.05;0.40;12.63;3.50;8.29;1.73;2.87;1.11;16.62;0.16;0.08;5.19;9.26;0.22;0.41;0.12;0.03;0.04;0.02;;;;;0.49;1.99;2.47;;;224.83;24.22;249.08;81;57;124.19;56.75;12.51;5.66;0.00;0.62;2.27;0.011;0.03;0.0016;0.0029;0.03;0.0002;0.0010;0.025;0.057;0.001;0.002;0.003;0.004;0.00057;0.00027;0.00001;0.00025;0.30;0.03
Bonfim;Fluvial;BM181103 ;03/11/2018;;6.7;7.5;;0.1;17.5;53.18;0.10;8.72;3.00;7.03;1.84;2.04;0.13;10.27;0.08;0.03;3.31;7.58;0.01;0.59;0.03;0.03;0.06;0.31;;;;;0.52;1.52;2.04;;;244.00;6.24;250.25;88;48;116.27;41.15;7.58;4.47;7.21;0.50;2.22;0.012;0.02;0.0013;0.0019;0.04;0.0004;0.0009;0.023;0.051;0.001;0.002;0.003;0.004;0.00064;0.00027;0.00001;0.00032;0.37;0.01
Bonfim;Fluvial;BM181204 ;04/12/2018;;6.5;6.2;;0.3;15.8;39.81;0.10;5.30;1.70;4.42;1.43;1.64;0.99;7.91;0.08;0.03;1.87;7.98;0.01;0.77;0.03;0.03;0.06;0.42;;;;;0.50;3.00;3.50;;;325.31;5.83;331.14;61;22;95.62;40.35;7.60;3.53;4.81;0.46;3.06;0.008;0.02;0.0013;0.0017;0.04;0.0001;0.0014;0.016;0.040;0.001;0.002;0.003;0.005;0.00071;0.00047;0.00007;0.00025;0.37;0.01
Bonfim;Fluvial;BM190106;06/01/2019;;5.9;5.3;;1.0;17.9;35.16;0.10;5.36;1.80;4.23;1.46;1.98;0.83;8.12;0.08;0.04;1.80;8.08;0.01;0.73;0.22;0.03;0.04;0.64;;;;;0.36;2.81;3.18;;;258.08;36.16;294.25;40;29;77.48;31.75;5.86;2.81;4.36;0.36;3.82;0.013;0.02;0.0016;0.0017;0.04;0.0002;0.0034;0.015;0.032;0.001;0.002;0.004;0.006;0.00078;0.00049;0.00001;0.00038;0.42;0.02
Bonfim;Fluvial;BM190206 ;06/02/2019;;6.1;7.1;;0.2;17.2;46.43;0.10;9.11;2.70;5.11;1.68;1.64;0.13;13.58;0.08;0.03;2.62;8.90;0.01;0.74;0.22;0.03;0.04;0.38;;;;;0.34;;;;;170.08;7.08;177.17;71;36;99.36;42.45;9.47;4.46;7.38;0.36;2.36;0.009;0.02;0.0009;0.0023;0.04;0.0003;0.0010;0.022;0.050;0.001;0.002;0.003;0.005;0.00064;0.00033;0.00001;0.00032;0.37;0.02
Bonfim;Fluvial;BM190313;13/03/2019;;6.2;7.1;;0.2;19.0;52.48;0.10;9.36;1.90;4.49;1.37;1.10;2.01;12.35;0.15;0.10;3.99;11.95;0.01;0.19;0.13;0.03;0.05;0.01;;;;;0.41;;;;;185.50;22.69;208.19;80;46;125.23;47.88;7.60;3.40;5.51;0.40;1.57;0.000;0.02;0.0022;0.0017;0.04;0.0002;0.0002;0.012;0.039;0.001;0.002;0.002;0.003;0.00038;0.00024;0.00001;0.00021;0.21;0.01
Bonfim;Fluvial;BM190413;13/04/2019;;6.0;6.1;;0.3;16.6;44.16;0.10;6.04;2.10;4.84;1.81;3.56;2.88;9.81;0.12;0.11;4.71;7.15;0.01;3.04;0.24;0.03;0.07;0.01;;;;;0.58;;;;;82.86;19.36;102.24;59;23;107.88;42.06;6.56;2.98;5.85;0.36;2.19;0.000;0.02;0.0004;0.0016;0.03;0.0001;0.0002;0.009;0.030;0.001;0.002;0.002;0.003;0.00042;0.00027;0.00003;0.00020;0.22;0.01
Bonfim;Fluvial;BM190518;18/05/2019;;5.6;4.7;;0.6;14.9;41.32;0.10;6.97;2.10;6.90;4.93;1.18;1.64;11.77;0.13;0.18;4.53;2.19;0.01;0.29;0.11;0.03;0.10;;;;;;0.44;;;;;188.17;15.55;203.74;52;;75.85;31.22;7.23;3.36;4.39;0.58;4.63;0.003;0.03;0.0004;0.0021;0.04;0.0001;0.0002;0.009;0.035;0.001;0.002;0.003;0.006;0.00078;0.00048;0.00004;0.00041;0.45;0.09
Bonfim;Fluvial;BM190616;16/06/2019;;6.0;6.4;;0.2;13.1;54.13;0.10;7.44;1.80;3.41;1.74;2.63;4.35;9.10;0.15;0.29;6.04;2.11;0.01;0.03;0.03;;0.06;;;;;;0.66;;;;;62.68;11.00;73.68;86;65;133.25;50.53;8.30;3.79;6.22;0.36;1.32;0.000;0.02;0.0004;0.0018;0.03;0.0001;0.0002;0.012;0.039;0.001;0.002;0.001;0.002;0.00026;0.00017;0.00002;0.00011;0.16;0.01
Bonfim;Fluvial;BM190707;07/07/2019;;6.3;6.6;;0.1;10.0;54.43;0.10;11.48;2.90;6.23;1.56;2.86;11.85;19.02;0.23;0.16;4.79;12.25;0.01;0.48;0.03;;0.05;;;;;;0.73;;;;;111.48;14.74;126.22;;37;126.12;53.70;11.05;5.14;8.26;0.45;1.80;0.000;0.03;0.0004;0.0024;0.03;0.0003;0.0002;0.015;0.050;0.001;0.002;0.002;0.003;0.00045;0.00032;0.00003;0.00022;0.24;0.01
Bonfim;Fluvial;BM190817;17/08/2019;;6.2;7.3;;0.1;10.5;56.59;0.10;11.21;3.50;7.21;1.49;2.75;1.07;20.07;0.18;0.03;5.11;12.37;0.01;0.03;0.03;;0.07;;;;;;0.57;;;;;66.82;30.11;96.91;122;67;128.96;56.25;11.70;5.46;9.32;0.38;1.17;0.002;0.03;0.0004;0.0023;0.03;0.0001;0.0002;0.015;0.056;0.001;0.002;0.003;0.006;0.00063;0.00032;0.00004;0.00030;0.32;0.01
Bonfim;Fluvial;BM190908;08/09/2019;;6.3;7.8;;0.1;14.6;67.62;0.10;15.39;2.80;6.65;1.98;1.15;7.55;16.40;0.15;0.13;2.75;2.81;0.41;0.03;0.03;;;;;;;;;;;;;84.84;11.01;95.91;123;92;;;;;;;;0.006;0.02;0.0004;0.0022;0.03;0.0003;0.0002;0.014;0.044;0.001;0.002;0.002;0.002;0.00030;0.00180;0.00003;0.00011;0.00;0.01
Bonfim;Fluvial;BM191005;05/10/2019;;6.1;17.3;;0.0;15.4;58.81;0.10;15.51;3.10;6.61;2.29;1.82;3.09;21.78;0.16;1.02;6.47;11.98;1.07;0.23;0.42;;;;;;;;;;;;;139.38;13.89;153.28;121;;;;;;;;;0.008;0.02;0.0017;0.0021;0.03;0.0001;0.0002;0.016;0.042;0.001;0.002;0.001;0.002;0.00030;0.00180;0.00002;0.00015;0.00;0.01
Bonfim;Fluvial;BM191109 ;09/11/2019;;6.7;19.6;;0.0;18.8;70.57;0.10;10.55;3.60;6.63;2.07;2.48;1.04;9.79;0.18;0.03;4.26;9.72;0.01;0.40;0.22;;;;;;;;;;;;;93.17;13.90;107.07;127;76;;;;;;;;;;;;;;;;;;;;;;;;;;
Bonfim;Fluvial;BM191215;15/12/2019;;6.1;6.7;;0.3;17.9;4.00;1.90;6.31;2.60;5.69;1.59;3.35;1.03;8.73;0.15;0.03;4.38;1.93;0.01;2.03;0.20;;;;;;;;;;;;;302.73;12.89;315.64;;;;;;;;;;;;;;;;;;;;;;;;;;;;
Bonfim;Fluvial;BM200127;27/01/2020;;6.4;7.4;;0.2;17.5;43.94;0.30;6.71;1.80;5.11;1.66;3.28;1.19;8.78;0.18;0.03;2.08;6.70;0.01;0.29;0.12;;;;;;;;;;;;;;;;47;;;;;;;;;;;;;;;;;;;;;;;;;;;
Soberbo;Fluvial;SB180506;06/05/2018;;6.3;13.6;;0.2;17.0;62.17;0.14;8.23;8.06;9.12;2.58;3.17;1.10;17.97;0.19;0.11;17.61;17.61;0.01;1.18;0.14;0.03;0.05;11.49;;;;;0.85;2.60;3.44;;;109.17;24.39;133.58;172;61;127.66;60.46;25.77;8.85;7.59;0.11;0.78;0.001;0.06;0.0041;0.0041;0.02;0.0009;0.0012;0.010;0.164;0.004;0.006;0.002;0.001;0.00032;0.00020;0.00005;0.00011;0.21;0.01
Soberbo;Fluvial;SB180527;27/05/2018;;6.4;12.9;;0.3;17.2;67.55;0.14;8.69;8.49;12.61;2.85;2.30;0.97;19.39;0.31;0.03;9.45;9.45;0.01;0.60;0.28;0.03;0.01;10.68;;;;;0.70;3.07;3.77;;;111.25;43.81;155.00;105;63;120.35;54.37;26.95;8.85;7.39;0.07;1.41;0.001;0.06;0.0031;0.0046;0.02;0.0002;0.0014;0.012;0.184;0.005;0.031;0.003;0.002;0.00055;0.00029;0.00003;0.00013;0.29;0.07
Soberbo;Fluvial;SB180630 ;30/06/2018;;6.4;15.0;;0.2;16.5;80.36;0.14;10.28;9.53;15.47;2.59;0.60;0.13;22.41;0.07;0.03;11.47;11.47;0.01;1.83;0.45;1.49;0.05;14.73;;;;;1.09;4.26;5.35;;;70.60;48.77;119.33;323;87;151.68;65.68;30.49;9.94;8.22;0.02;0.61;0.000;0.07;0.0021;0.0048;0.02;0.0004;0.0009;0.013;0.211;0.005;0.008;0.002;0.001;0.00031;0.00016;0.00002;0.00006;0.16;0.01
Soberbo;Fluvial;SB180801 ;01/08/2018;;6.3;18.9;;0.1;16.7;90.05;0.14;11.83;7.04;20.34;2.75;3.05;0.84;28.53;0.07;0.03;13.80;13.80;0.01;2.45;0.35;0.03;0.05;17.72;;;;;1.50;1.06;2.56;;;72.20;39.98;112.17;129;55;152.63;71.28;34.36;12.18;9.85;0.06;0.38;0.001;0.08;0.0018;0.0051;0.02;0.0008;0.0013;0.014;0.242;0.005;0.014;0.001;0.001;0.00027;0.00021;0.00004;0.00012;0.13;0.01
Soberbo;Fluvial;SB180901;01/09/2018;;7.4;16.2;;0.1;16.9;71.94;5.90;10.23;6.57;13.79;2.52;3.34;2.34;26.19;0.25;0.10;20.42;21.50;0.01;2.00;0.19;0.03;0.01;8.16;;16.27;2.69;18.96;0.98;1.41;2.39;;;124.06;10.50;134.56;;85;78.55;43.19;21.58;7.61;5.37;0.02;0.54;0.000;0.04;0.0008;0.0026;0.01;0.0010;0.0002;0.007;0.124;0.003;0.005;0.001;0.000;0.00018;0.00067;0.00001;0.00005;0.09;0.01
Soberbo;Fluvial;SB180930;30/09/2018;;6.2;15.1;;0.2;18.9;62.64;2.49;10.00;7.13;17.85;2.74;2.36;0.86;22.69;0.12;0.07;20.60;21.63;0.17;1.59;0.32;0.03;0.02;9.22;;;;;0.74;1.43;2.17;;;206.75;2.82;209.58;154;80;108.72;60.40;32.65;11.14;7.63;0.09;1.51;0.004;0.06;0.0041;0.0053;0.02;0.0003;0.0015;0.018;0.191;0.004;0.097;0.004;0.002;0.00071;0.00033;0.00001;0.00025;0.36;0.04
Soberbo;Fluvial;SB181102 ;02/11/2018;;7.0;12.9;;0.3;18.7;62.94;0.14;9.17;7.93;17.77;2.42;1.78;0.13;17.98;0.38;0.03;10.17;10.17;0.01;1.24;0.03;0.03;0.04;7.44;;;;;0.90;1.34;2.24;;;198.83;6.72;205.58;84;36;115.15;56.30;28.52;9.87;7.95;0.10;1.70;0.003;0.05;0.0033;0.0040;0.02;0.0003;0.0012;0.017;0.161;0.003;0.002;0.004;0.002;0.00071;0.00040;0.00001;0.00032;0.41;0.01
Soberbo;Fluvial;SB181203;03/12/2018;;6.2;11.7;;1.6;18.7;49.96;0.55;8.73;6.84;12.08;2.29;2.94;0.90;17.58;0.27;0.03;7.50;7.47;0.23;1.15;0.28;0.03;0.07;7.86;;;;;0.66;2.42;3.08;;;293.81;17.98;311.81;70;37;83.94;45.18;24.43;8.75;6.92;0.44;3.49;0.006;0.05;0.0031;0.0037;0.02;0.0004;0.0020;0.018;0.145;0.003;0.002;0.008;0.006;0.00142;0.00069;0.00001;0.00057;0.77;0.01
Soberbo;Fluvial;SB190107 ;07/01/2019;;7.1;20.7;;0.8;20.8;66.56;0.14;19.07;10.89;32.74;3.16;1.71;1.34;20.74;0.70;0.14;7.73;7.73;0.01;1.15;0.03;0.03;0.03;0.01;;;;;0.34;2.96;3.30;;;234.08;82.42;316.50;167;160;109.47;54.20;57.28;16.54;14.67;1.51;1.67;3.285;0.08;0.0044;0.0057;0.02;0.0010;0.0036;0.031;0.254;0.005;0.002;0.012;0.012;0.00206;0.00086;0.00001;0.00076;1.12;0.01
Soberbo;Fluvial;SB190207 ;07/02/2019;;6.5;11.4;;1.3;19.1;38.90;0.14;10.19;6.37;26.22;2.68;3.23;1.21;16.87;0.07;0.03;6.02;6.02;0.01;1.33;0.21;0.12;0.10;1.97;;;;;0.35;;;;;395.17;3.28;398.50;106;55;60.05;33.29;31.22;9.29;6.00;4.20;4.10;0.955;0.05;0.0060;0.0042;0.03;0.0014;0.0044;0.021;0.145;0.002;;0.018;0.023;0.00319;0.00173;0.00020;0.00121;1.68;0.03
Soberbo;Fluvial;SB190312;11/03/2019;;6.6;16.1;;0.2;20.8;56.18;0.14;13.56;7.20;20.83;2.71;3.04;2.11;23.28;0.16;0.11;18.57;18.57;0.01;0.48;0.18;0.03;0.07;7.86;;;;;0.66;;;;;234.25;42.69;276.92;114;83;107.42;53.30;38.28;11.86;10.87;2.89;1.79;0.445;0.06;0.0047;0.0050;0.03;0.0007;0.0029;0.027;0.182;0.003;0.002;0.010;0.015;0.00177;0.00086;0.00013;0.00051;0.91;0.04
Soberbo;Fluvial;SB190414;14/04/2019;;6.6;14.2;;0.7;19.8;61.70;0.14;10.31;6.59;19.97;3.01;1.30;1.53;17.90;0.45;0.13;17.06;17.06;0.01;0.03;0.11;0.28;0.08;4.75;;;;;0.69;;;;;174.08;2.34;176.50;;40;123.49;55.05;33.13;10.16;8.32;2.23;1.43;0.223;0.06;0.0022;0.0047;0.02;0.0005;0.0016;0.011;0.160;0.003;0.002;0.005;0.010;0.00108;0.00070;0.00006;0.00059;0.60;0.01
Soberbo;Fluvial;SB190519;19/05/2019;;6.3;9.8;;2.1;17.0;45.09;0.14;7.97;6.16;15.99;2.36;1.11;0.99;15.10;0.34;0.03;15.99;15.99;0.01;0.25;0.11;0.03;0.12;;;;;;0.62;;;;;268.01;23.87;291.91;70;;85.90;40.51;23.51;7.74;6.32;1.00;2.69;0.100;0.04;0.0026;0.0037;0.02;0.0004;0.0002;0.010;0.112;0.002;0.002;0.008;0.011;0.00156;0.00083;0.00010;0.00066;0.76;0.01
Soberbo;Fluvial;SB190615;15/06/2019;;6.4;15.7;;0.3;17.2;75.41;0.14;16.43;7.22;17.65;3.12;1.60;1.65;22.79;0.20;0.22;19.92;19.90;0.17;0.23;0.20;;0.07;;;;;;1.46;;;;;72.22;12.70;84.92;155;105;152.87;66.82;41.69;12.55;10.16;0.35;0.50;0.091;0.07;0.0017;0.0055;0.01;0.0005;0.0009;0.013;0.196;0.002;0.002;0.002;0.003;0.00040;0.00030;0.00003;0.00019;0.22;0.01
Soberbo;Fluvial;SB190704;04/07/2019;;6.6;17.1;;0.2;17.3;80.22;0.14;13.70;7.62;22.45;2.97;2.00;1.69;22.30;0.26;0.09;20.87;20.87;0.19;0.03;0.13;;0.06;;;;;;1.65;;;;;49.91;12.79;62.70;;102;169.41;76.13;48.80;14.56;11.46;0.17;0.40;0.049;0.08;0.0019;0.0061;0.01;0.0005;0.0065;0.015;0.227;0.002;0.002;0.002;0.003;0.00037;0.00034;0.00002;0.00019;0.17;0.01
Soberbo;Fluvial;SB190818;18/08/2019;;6.1;45.8;;0.3;14.7;72.04;0.14;13.84;9.38;29.80;3.04;1.15;0.96;32.89;1.03;0.17;25.63;25.63;0.01;0.98;0.11;;0.09;;;;;;0.66;;;;;70.93;12.26;83.18;134;116;125.36;65.38;43.48;13.02;11.71;0.67;0.50;0.048;0.07;0.0180;0.0060;0.02;0.0005;0.0026;0.016;0.201;0.001;0.013;0.003;0.004;0.00050;0.00044;0.00004;0.00026;0.31;0.01
Soberbo;Fluvial;SB190907;07/09/2019;;6.5;13.9;;0.4;15.7;59.78;0.14;11.77;7.59;25.21;2.77;1.49;1.81;26.09;0.19;0.03;23.16;23.16;0.34;0.68;0.15;;;;;;;;;;;;;142.98;27.25;170.24;160;102;;;;;;;;0.054;0.05;0.0043;0.0046;0.01;0.0002;0.0002;0.012;0.146;0.002;0.002;0.007;0.008;0.00125;0.00069;0.00008;0.00057;0.00;0.01
Soberbo;Fluvial;SB191006;06/10/2019;;6.7;37.6;;0.1;18.2;73.75;0.14;13.73;7.34;22.32;2.87;0.99;1.44;25.38;0.28;0.03;11.61;23.65;0.28;0.16;0.14;;;;;;;;;;;;;223.47;10.74;234.21;147;119;;;;;;;;0.028;0.06;0.0024;0.0052;0.01;0.0002;0.0002;0.015;0.186;0.002;0.002;0.002;0.003;0.00044;0.00031;0.00003;0.00020;0.00;0.01
Soberbo;Fluvial;SB191110 ;10/11/2019;;6.8;39.5;;0.1;20.1;75.23;0.14;14.15;11.85;25.36;3.70;3.58;3.66;24.54;0.49;0.03;15.45;15.45;0.65;2.53;0.03;;;;;;;;;;;;;73.68;15.41;89.09;131;123;;;;;;;;;;;;;;;;;;;;;;;;;;
Soberbo;Fluvial;SB191216;16/12/2019;;6.5;15.3;;0.5;20.5;63.91;0.98;16.23;4.99;11.17;3.74;4.45;3.08;28.16;0.29;0.23;18.96;18.96;0.01;2.38;0.66;;;;;;;;;;;;;149.81;11.75;161.58;112;;;;;;;;;;;;;;;;;;;;;;;;;;;
Soberbo;Fluvial;CS191207;07/12/2019;;;;;;;17.54;0.42;1.05;1.98;6.50;0.63;3.77;1.54;4.39;0.07;0.03;4.00;0.93;0.01;1.01;0.21;;;;;;;;;;;;;;;;;;;;;;;;;;;;;;;;;;;;;;;;;;;
Soberbo;Fluvial;SB200128;28/01/2020;;6.0;6.4;;1.7;21.3;57.88;0.14;9.83;7.90;10.63;3.12;1.72;0.13;16.94;0.14;0.08;17.92;17.92;0.01;1.31;0.18;;;;;;;;;;;;;;;;58;;;;;;;;;;;;;;;;;;;;;;;;;;;
Santa Marta;Fluvial;SM180503;03/05/2018;;5.8;6.8;;0.7;15.3;22.83;0.10;2.94;7.10;10.13;0.48;1.89;1.07;10.15;0.20;0.10;8.05;10.91;0.01;0.28;0.28;0.03;0.04;6.01;;;;;0.19;1.92;2.11;;;;;22.62;115;23;75.84;23.05;11.23;10.78;3.32;0.26;1.48;0.008;0.03;0.0055;0.0021;0.01;0.001;0.004;0.004;0.055;0.003;0.063;0.000;0.000;0.00006;0.00003;0.01974;0.00002;0.03;0.06
Santa Marta;Fluvial;SM180702 ;02/07/2018;;6.4;6.9;;0.2;14.3;25.87;0.10;3.89;9.90;12.96;0.56;0.06;0.13;69.80;1.85;0.03;10.57;17.95;0.01;0.38;0.03;2.08;0.05;6.49;;;;;0.38;3.22;3.61;;;106.83;23.49;130.31;;3;79.12;20.23;11.73;11.59;3.13;0.21;0.55;0.007;0.03;0.0017;0.0020;0.01;0.000;0.004;0.004;0.060;0.002;0.009;0.000;0.000;0.00005;0.00007;0.00001;0.00002;0.04;0.01
Santa Marta;Fluvial;SM180803;03/08/2018;;7.1;11.9;;0.4;14.3;33.21;0.70;8.87;8.80;12.49;0.41;2.60;0.76;30.89;0.08;0.03;19.54;6.77;0.01;0.75;0.64;0.03;0.12;16.13;;;;;0.47;1.22;1.69;;;101.75;51.18;152.92;64;21;68.72;26.53;16.47;17.36;8.03;1.52;1.70;0.025;0.05;0.0031;0.0034;0.02;0.000;0.002;0.008;0.082;0.002;0.012;0.000;0.001;0.00009;0.00027;0.00003;0.00006;0.05;0.01
Santa Marta;Fluvial;SM180831 ;31/08/2018;;6.3;8.9;;0.3;13.7;24.23;0.30;5.70;6.70;12.90;0.34;2.22;2.01;13.22;0.08;0.03;7.90;6.52;0.01;0.87;0.03;0.03;0.06;6.25;8.67;16.95;;;0.44;0.83;1.27;;;234.81;36.55;271.36;;16;69.37;22.59;13.38;14.18;4.51;0.51;2.73;0.066;0.00;0.0066;0.0076;0.00;0.000;0.002;0.013;0.006;0.002;;0.000;0.000;0.00000;0.00001;0.00001;0.00002;0.02;0.19
Santa Marta;Fluvial;SM181001;01/10/2018;;7.4;11.0;;0.1;18.1;33.35;0.70;7.69;6.70;13.38;0.35;2.84;0.99;20.92;0.14;0.03;8.34;1.44;0.01;0.63;0.15;0.03;0.07;6.88;;;;;0.58;1.65;2.23;;;254.50;27.60;282.08;;42;83.30;26.15;17.08;17.72;6.25;0.69;2.05;0.020;0.03;0.0046;0.0053;0.01;0.000;0.015;0.009;0.069;0.002;0.023;0.000;0.001;0.00007;0.00007;0.00000;0.00013;0.06;0.06
Santa Marta;Fluvial;SM181101;01/11/2018;;6.1;9.0;;0.4;17.5;21.03;1.00;6.21;7.10;8.07;0.34;1.91;2.85;11.94;0.25;0.03;6.86;4.92;0.01;0.61;0.35;0.03;0.08;3.60;;;;;0.32;1.57;1.90;;;253.75;7.85;261.58;;36;67.71;21.63;12.06;12.22;3.98;0.41;2.24;0.013;0.02;0.0025;0.0050;0.01;0.000;0.003;0.006;0.052;0.001;0.002;0.000;0.001;0.00007;0.00005;0.00001;0.00006;0.06;0.05
Santa Marta;Fluvial;SM181203;03/12/2018;;5.7;8.9;;12.3;16.5;20.74;1.20;5.29;6.90;12.26;0.25;2.22;2.28;12.44;0.23;0.03;7.03;2.90;0.01;1.00;0.83;0.03;0.11;5.61;;;;;0.50;1.40;1.90;;;208.38;3.30;211.67;;1;40.99;17.98;12.27;10.79;4.57;0.63;6.19;0.033;0.03;0.0055;0.0034;0.01;0.000;0.005;0.007;0.052;0.002;0.064;0.001;0.001;0.00014;0.00020;0.00000;0.00019;0.14;0.06
Santa Marta;Fluvial;SM190108 ;08/01/2019;;6.4;8.3;;0.5;13.8;19.04;1.50;8.24;4.90;5.16;0.41;1.65;2.04;14.64;0.29;0.08;5.80;6.37;0.01;0.39;0.69;1.37;0.03;8.51;;;;;0.25;3.22;3.47;;;432.67;1.26;433.92;;29;69.82;18.84;9.35;10.29;2.66;0.24;1.05;0.009;0.02;0.0013;0.0037;0.01;0.000;0.006;0.004;0.041;0.001;0.002;0.000;0.000;0.00007;0.00001;0.00000;0.00006;0.03;0.01
Santa Marta;Fluvial;SM190211;07/02/2019;;6.1;10.5;;0.4;18.0;27.06;0.10;10.87;6.50;10.86;0.40;2.09;0.82;26.53;0.39;0.08;9.00;6.25;0.01;0.69;0.03;0.03;0.14;7.58;;;;;0.40;;;;;107.17;41.23;148.42;81;38;69.70;23.24;13.57;14.24;8.14;0.45;2.01;0.017;0.04;0.0047;0.0115;0.01;0.000;0.003;0.012;0.060;0.002;0.002;0.000;0.001;0.00007;0.00011;0.00002;0.00006;0.07;0.10
Santa Marta;Fluvial;SM190311;11/03/2019;;7.4;10.9;;0.3;20.5;11.48;0.10;3.45;4.70;8.23;0.33;1.39;0.88;10.89;0.15;0.09;7.26;0.57;0.01;0.03;0.11;0.03;0.09;13.16;;;;;0.58;;;;;222.33;13.84;236.17;;24;41.87;13.21;9.96;9.93;3.69;0.46;1.47;0.003;0.02;0.0012;0.0018;0.01;0.000;0.000;0.004;0.035;0.001;0.076;0.000;0.001;0.00009;0.00006;0.00002;0.00007;0.04;0.01
Santa Marta;Fluvial;SM190409;09/04/2019;;5.3;8.6;;0.3;16.5;15.44;0.10;2.80;4.60;5.39;0.40;2.10;0.13;6.08;0.25;0.32;4.42;0.60;0.01;0.03;0.14;3.91;0.06;6.07;;;;;0.55;;;;;165.69;10.40;176.09;;29;66.65;18.31;10.17;10.25;2.79;0.22;1.01;0.000;0.02;0.0004;0.0016;0.01;0.000;0.000;0.003;0.038;0.001;0.002;0.000;0.000;0.00007;0.00007;0.00002;0.00002;0.04;0.01
Santa Marta;Fluvial;SM190514;14/05/2019;;5.1;9.0;;0.2;17.9;21.88;0.10;3.99;7.10;7.34;0.41;1.14;1.94;10.76;0.52;0.12;3.32;5.30;0.85;0.14;0.12;;0.08;;;;;;0.58;;;;;64.40;10.35;74.75;;29;60.00;16.66;10.05;10.02;2.74;0.25;1.03;0.000;0.02;0.0009;0.0017;0.01;0.000;0.000;0.003;0.038;0.001;0.002;0.000;0.001;0.00008;0.00010;0.00002;0.00004;0.04;0.01
Santa Marta;Fluvial;SM190617;17/06/2019;;6.2;9.1;;0.2;14.8;20.75;0.10;3.29;7.40;6.76;0.31;1.71;3.09;7.88;0.23;0.17;8.26;14.26;0.01;0.03;0.12;;0.04;;;;;;0.58;;;;;98.38;14.56;112.93;;34;83.21;21.88;12.12;13.00;3.51;0.35;1.16;0.000;0.03;0.0004;0.0021;0.01;0.000;0.000;0.003;0.046;0.001;0.002;0.000;0.000;0.00007;0.00009;0.00001;0.00002;0.03;0.01
Santa Marta;Fluvial;SM190709;09/07/2019;;6.5;7.2;;0.2;12.2;26.61;0.10;5.12;6.70;9.18;0.35;2.09;1.03;11.23;0.16;0.12;10.43;14.48;0.01;0.03;0.13;;0.05;;;;;;0.82;;;;;62.14;26.12;88.25;123;92;91.81;24.94;13.62;13.98;4.29;0.47;0.85;0.002;0.03;0.0021;0.0018;0.01;0.000;0.000;0.004;0.050;0.001;0.002;0.000;0.001;0.00007;0.00008;0.00002;0.00006;0.04;0.01
Santa Marta;Fluvial;SM190808;08/08/2019;;6.3;12.3;;0.1;14.5;35.14;0.90;13.89;10.90;16.27;0.35;1.70;1.84;33.58;0.34;0.14;10.96;8.56;0.25;0.43;0.11;;0.12;;;;;;0.62;;;;;186.72;9.97;196.69;117;107;32.74;29.06;18.34;19.07;7.36;0.61;2.13;0.001;0.04;0.0014;0.0033;0.01;0.000;0.000;0.007;0.070;0.001;0.002;0.000;0.001;0.00016;0.00017;0.00003;0.00010;0.07;0.01
Santa Marta;Fluvial;SM190906;06/09/2019;;6.2;12.5;;0.3;15.5;12.63;3.90;5.03;5.00;5.94;1.77;2.82;3.01;11.85;0.32;0.03;7.94;1.44;0.01;0.87;0.18;;;;;;;;;;;;;;;;;;;;;;;0.49;1.84;0.01;;;;;;;;;;;;;;;;;;
Santa Marta;Fluvial;SM191008;08/10/2019;;6.4;11.0;;0.1;14.2;69.77;3.10;22.54;6.30;11.08;0.58;3.60;0.13;40.30;0.35;0.03;12.87;17.19;0.01;2.45;0.03;;;;;;;;;;;;;;;;;;;;;;;;;;;;;;;;;;;;;;;;;;;
Santa Marta;Fluvial;SM191112;12/11/2019;;6.5;10.0;;0.7;20.1;22.05;1.90;8.89;6.60;9.96;1.88;3.39;0.96;17.54;0.29;0.07;7.96;7.83;0.01;1.03;0.36;;;;;;;;;;;;;;;;;;;;;;;;;;;;;;;;;;;;;;;;;;;
Santa Marta;Fluvial;SM191214;14/12/2019;;6.5;8.0;;0.9;21.0;14.23;2.90;8.54;2.00;4.34;4.96;3.56;2.37;14.72;0.32;0.03;3.32;10.90;0.01;0.03;0.47;;;;;;;;;;;;;;;;;;;;;;;;;;;;;;;;;;;;;;;;;;;
Santa Marta;Fluvial;SM200121 ;21/01/2020;;6.0;6.4;;1.7;16.8;20.28;0.14;3.87;7.94;9.05;0.32;3.47;1.00;9.41;0.12;0.03;6.55;0.87;0.01;0.60;0.13;;;;;;;;;;;;;;;;;;;;;;;;;;;;;;;;;;;;;;;;;;;
Santa Marta;Fluvial;SM200121 (PONTE);21/01/2020;;;;;;;20.46;4.96;3.84;7.67;8.48;0.28;1.15;0.79;36.30;0.07;0.03;22.92;1.31;0.01;0.39;0.24;;;;;;;;;;;;;;;;;;;;;;;;;;;;;;;;;;;;;;;;;;;
Santa Marta;Fluvial;SM200122 (18:00);22/01/2020;;;;;;;20.81;8.28;4.40;7.79;10.66;0.31;3.99;0.99;42.83;0.07;0.03;21.95;1.33;0.01;1.77;0.45;;;;;;;;;;;;;;;;;;;;;;;;;;;;;;;;;;;;;;;;;;;
Santa Marta;Fluvial;SM200122 (20:00);22/01/2020;;;;;;;20.47;0.74;4.94;7.18;7.45;0.27;2.04;0.85;10.48;0.07;0.03;19.33;1.09;0.01;0.28;0.28;;;;;;;;;;;;;;;;;;;;;;;;;;;;;;;;;;;;;;;;;;;
Santa Marta;Fluvial;SM200122 (22:00);22/01/2020;;;;;;;20.60;3.12;7.28;8.14;9.34;0.32;2.59;0.86;36.67;0.07;0.03;21.02;1.40;0.01;0.88;0.30;;;;;;;;;;;;;;;;;;;;;;;;;;;;;;;;;;;;;;;;;;;
Santa Marta;Fluvial;SM200123 (5:30);23/01/2020;;;;;;;20.48;0.14;4.80;6.40;9.86;0.24;2.41;1.18;34.49;0.07;0.03;18.85;1.30;0.01;0.27;0.12;;;;;;;;;;;;;;;;;;;;;;;;;;;;;;;;;;;;;;;;;;;
Santa Marta;Fluvial;SM200124 (15:30);24/01/2020;;;;;;;17.46;0.14;7.15;8.51;10.86;0.23;2.25;1.12;9.42;0.07;0.03;5.92;1.13;0.01;0.32;0.12;;;;;;;;;;;;;;;;;;;;;;;;;;;;;;;;;;;;;;;;;;;
Santa Marta;Fluvial;SM200124 (9:00);24/01/2020;;;;;;;19.23;0.96;5.52;7.69;17.82;1.92;6.16;0.13;34.86;0.24;0.03;19.08;2.04;0.01;1.99;0.21;;;;;;;;;;;;;;;;;;;;;;;;;;;;;;;;;;;;;;;;;;;
Santa Marta;Fluvial;SM200125 (16:30);25/01/2020;;;;;;;20.54;0.14;4.68;6.03;7.29;0.21;3.39;0.94;33.97;0.23;0.03;19.18;1.11;0.01;0.03;0.11;;;;;;;;;;;;;;;;;;;;;;;;;;;;;;;;;;;;;;;;;;;
Bonfim;Pluvial_PP1;BM180526-PP1 ;26/05/2018;21;5.7;5.9;0.7;;;4.23;19.34;5.67;1.19;3.85;0.38;1.70;0.80;4.39;0.39;0.03;10.78;4.01;0.01;0.36;0.53;30.34;0.38;6.64;10.33;40.85;;;1.87;0.90;2.77;;;;;;;;0.8;2.5;4.3;1.3;4.0;0.02;0.10;0.0118;0.0060;0.0039;0.0004;0.0014;0.0001;0.0004;0.0043;0.0088;0.0016;0.0477;;;;;;;;
Bonfim;Pluvial_PP1;BM180629-PP1;29/06/2018;34;;;0.0;;;;;;;;;;;;;;;;;;;;;;;251.21;;;;;20.06;;;;;;;;;;;;;;;;;;;;;;;;;;;;;;;;;
Bonfim;Pluvial_PP1;BM180731-PP1;31/07/2018;32;;;0.2;;;;;;;;;;;;;;;;;;;8.92;0.88;15.07;66.79;66.79;;;0.37;1.32;1.69;;;;;;;;;;;;;;;;;;;;;;;;;;;;;;;;;
Bonfim;Pluvial_PP1;BM180831-PP1 ;31/08/2018;31;6.3;19.2;0.7;;;2.51;39.93;8.54;1.31;3.35;0.34;1.25;1.65;4.50;0.37;0.03;15.45;7.12;0.01;0.39;1.70;30.72;0.45;12.13;;43.22;;;2.17;1.37;3.54;;;;;;;;0.8;1.9;3.3;1.0;3.0;0.02;0.08;0.0335;0.0058;0.0035;0.0003;0.0027;0.0001;0.0002;0.0028;0.0088;0.0012;0.0270;0.0002;0.0003;;;;;;
Bonfim;Pluvial_PP1;BM180929-PP1;29/09/2018;29;6.2;5.5;1.0;;;4.29;13.87;7.53;2.21;9.07;0.22;2.94;0.83;5.09;0.27;0.03;16.93;15.91;0.01;1.85;0.11;7.63;0.33;16.11;;27.36;;;0.17;2.81;2.97;;;;;;;;1.9;3.5;9.3;2.6;18.4;0.02;0.08;0.0439;0.0092;0.0033;0.0016;0.0029;0.0002;0.0010;0.0110;0.0175;0.0006;0.0829;0.0003;0.0004;;;;;;
Bonfim;Pluvial_PP1;BM181103-PP1 ;03/11/2018;35;6.5;9.4;0.8;;;14.55;32.86;8.90;1.93;4.00;0.38;1.94;0.13;15.13;0.61;0.10;17.68;4.76;0.01;0.35;0.76;53.39;0.68;23.03;42.09;93.24;;;2.76;2.53;5.29;;;;;;;;2.0;16.9;6.9;3.5;8.4;0.02;0.2;0.0007;0.0086;0.0072;0.0014;0.0029;0.0015;0.0012;0.0137;0.0144;0.0014;0.1132;0.0001;0.0002;;;;;;
Bonfim;Pluvial_PP1;BM181204-PP1 ;04/12/2018;31;6.4;5.7;1.9;;;3.55;6.84;2.68;1.05;3.15;0.38;0.53;1.63;4.25;0.25;0.03;9.55;2.78;0.01;0.01;0.01;14.60;0.23;6.53;4.11;20.75;;;0.46;4.28;4.74;;;;;;;;0.8;2.4;2.0;0.7;1.7;0.02;0.08;0.0004;0.0015;0.0024;0.0004;0.0005;0.0002;0.0017;0.0030;0.0042;0.0000;0.0558;0.0001;0.0004;;;;;;
Bonfim;Pluvial_PP1;BM190106-PP1 ;06/01/2019;33;5.4;3.5;1.9;;;1.80;5.28;0.96;0.77;2.95;0.22;1.54;0.98;2.63;0.08;0.03;6.01;3.76;0.01;0.01;0.01;4.45;0.11;4.17;;4.47;;;1.23;0.59;1.81;;;;;;;;0.8;1.2;2.5;0.5;0.7;0.02;0.08;0.0155;0.0046;0.0011;0.0007;0.0005;0.0002;0.0012;0.0013;0.0048;0.0000;0.0021;0.0003;0.0001;;;;;;
Bonfim;Pluvial_PP1;BM190206-PP1 ;06/02/2019;31;5.7;5.2;0.8;;;5.91;4.19;5.00;2.23;12.16;0.35;3.16;3.67;6.59;0.31;0.08;10.85;4.91;0.01;0.29;0.01;5.82;0.11;8.57;7.77;23.12;;;0.29;0.27;0.57;;;;;;;;2.8;4.7;9.2;2.1;3.9;0.02;0.2;0.0580;0.0130;0.0025;0.0008;0.0020;0.0001;0.0002;0.0032;0.0155;0.0006;0.0948;0.0003;0.0004;;;;;;
Bonfim;Pluvial_PP1;BM190313-PP1;13/03/2019;35;4.9;4.7;2.7;;;17.15;2.80;6.41;0.96;3.67;0.29;1.75;0.89;11.34;0.17;0.10;8.74;13.45;0.19;0.03;0.12;7.29;0.58;4.58;1.69;13.39;;;0.25;0.64;0.89;;;;;;;;0.8;3.2;1.8;0.7;1.5;0.02;0.08;0.0126;0.0056;0.0009;0.0004;0.0015;0.0001;0.0002;0.0014;0.0049;0.0000;0.0086;0.0005;0.0006;;;;;;
Bonfim;Pluvial_PP1;BM190413-PP1;13/04/2019;31;5.0;4.7;2.1;;;17.08;8.13;9.20;1.12;5.95;0.20;1.51;0.95;16.29;0.22;0.09;12.23;15.09;0.01;0.01;0.13;11.04;0.85;4.93;;16.69;;;0.23;0.66;0.89;;;;;;;;0.8;3.4;2.4;0.9;0.9;0.02;0.08;0.0096;0.0050;0.0009;0.0001;0.0005;0.0001;0.0002;0.0009;0.0044;0.0000;0.0131;0.0000;0.0000;;;;;;
Bonfim;Pluvial_PP1;BM190518-PP1;18/05/2019;35;5.0;3.0;1.3;;;6.89;0.14;4.92;0.89;2.98;0.06;0.96;0.86;4.96;0.08;0.03;0.06;3.06;0.01;0.01;0.12;4.64;0.82;0.46;5.72;5.99;;;0.18;1.14;1.32;;;;;;;;0.8;4.1;3.2;1.1;3.3;0.02;0.08;0.0065;0.0034;0.0024;0.0001;0.0005;0.0001;0.0002;0.0070;0.0055;0.0003;0.0106;0.0002;0.0004;;;;;;
Bonfim;Pluvial_PP1;BM190616-PP1;16/06/2019;29;5.5;8.5;0.3;;;;;;;;;;;;;;;;;;;4.59;0.38;0.17;5.02;5.02;;;2.37;1.78;4.15;;;;;;;;;;;;;;;;;;;;;;;;;;;;;;;;;
Bonfim;Pluvial_PP1;BM190707-PP1;07/07/2019;21;6.6;37.6;0.2;;;;;;;;;;;;;;;;;;;109.84;1.03;25.87;246.46;246.46;;;3.21;6.18;9.39;;;;;;;;;;;;;;;;;;;;;;;;;;;;;;;;;
Bonfim;Pluvial_PP1;BM190817-PP1;17/08/2019;41;;;0.1;;;;;;;;;;;;;;;;;;;4.77;0.13;;29.44;29.44;;;0.27;1.15;1.41;;;;;;;;;;;;;;;;;;;;;;;;;;;;;;;;;
Bonfim;Pluvial_PP1;BM190908-PP1;08/09/2019;22;;;0.6;;;10.68;64.65;7.42;4.34;9.35;0.43;1.71;1.58;11.81;0.59;0.03;28.15;19.48;0.21;0.37;0.13;48.65;0.65;27.67;;86.18;;;0.12;2.25;2.37;;;;;;;;;;;;;;;0.0369;0.0124;0.0058;0.0011;0.0035;0.0002;0.0002;0.0062;0.0257;0.0013;0.0021;0.0002;0.0003;;;;;;
Bonfim;Pluvial_PP1;BM191005-PP1;05/10/2019;27;5.5;7.6;0.5;;;9.56;6.61;9.15;2.73;10.70;0.06;2.98;9.44;11.34;0.15;0.31;10.71;13.77;0.40;0.03;0.12;;;;;;;;;;;;;;;;;;;;;;;;;;;;;;;;;;;;;;;;;;;
Bonfim;Pluvial_PP1;BM191109-PP1;09/11/2019;35;;;0.9;;;6.42;8.89;11.77;3.19;9.35;0.41;3.15;3.69;7.19;0.08;0.03;20.16;6.36;0.01;0.16;0.01;;;;;;;;;;;;;;;;;;;;;;;;;;;;;;;;;;;;;;;;;;;
Bonfim;Pluvial_PP1;BM191215-PP1;15/12/2019;36;;;;;;3.06;0.53;2.19;1.07;3.91;0.06;3.74;1.07;3.93;0.17;0.03;5.50;2.12;0.01;0.17;0.44;;;;;;;;;;;;;;;;;;;;;;;;;;;;;;;;;;;;;;;;;;;
Bonfim;Pluvial_PP1;BM200127-PP1;27/01/2020;43;;;;;;2.67;2.08;0.98;0.77;3.54;0.06;1.44;1.10;3.10;0.08;0.03;0.48;2.12;0.01;0.01;0.13;;;;;;;;;;;;;;;;;;;;;;;;;;;;;;;;;;;;;;;;;;;
Pedra do Sino;Pluvial_PP1;PS180619-PP1 ;19/06/2018;28;;;0.3;;;6.21;16.81;2.16;1.42;4.60;0.94;3.69;0.13;4.96;0.08;0.03;15.65;9.30;0.01;0.97;0.01;16.48;0.09;13.85;3.18;33.61;;;0.12;1.04;1.17;;;;;;;;0.8;4.7;4.2;1.1;1.2;0.19;0.22;0.0573;0.0126;0.0080;0.0007;0.0029;0.0001;0.0020;0.0024;0.0072;0.0018;0.1202;0.0001;0.0001;;;;;;
Pedra do Sino;Pluvial_PP1;PS180801-PP1;01/08/2018;43;5.4;9.4;0.2;;;;;;;;;;;;;;;;;;;24.44;0.09;23.22;;40.33;;;0.14;1.05;1.19;;;;;;;;;;;;;;;;;;;;;;;;;;;;;;;;;
Pedra do Sino;Pluvial_PP1;PS180901-PP1;01/09/2018;31;5.6;6.4;1.1;;;2.34;17.03;1.28;1.07;3.76;0.17;3.31;0.97;3.29;0.21;0.03;13.81;14.79;0.01;0.64;0.18;15.78;0.10;9.25;;20.15;;;0.12;1.93;2.06;;;;;;;;0.8;2.0;1.4;0.6;0.8;0.08;0.08;0.0269;0.0042;0.0035;0.0001;0.0023;0.0001;0.0003;0.0013;0.0036;0.0010;0.0376;0.0000;0.0002;;;;;;
Pedra do Sino;Pluvial_PP1;PS181001-PP1 ;01/10/2018;30;5.5;6.6;0.9;;;4.70;20.54;2.14;1.31;3.30;0.30;3.14;0.80;5.36;0.15;0.03;17.75;6.57;0.01;0.46;0.01;21.82;0.10;17.35;;32.90;;;0.17;1.95;2.12;;;;;;;;0.8;4.1;3.3;1.4;1.5;0.02;0.23;0.0652;0.0046;0.0115;0.0450;0.0058;0.0001;0.0009;0.0023;0.0070;0.0002;0.0021;0.0055;0.0001;;;;;;
Pedra do Sino;Pluvial_PP1;PS181102-PP1 ;02/11/2018;32;5.5;4.5;1.9;;;10.62;8.19;0.78;1.27;1.82;0.23;1.37;1.09;11.01;0.21;0.03;10.15;3.71;0.01;0.32;0.01;9.43;0.07;7.32;;15.05;;;1.35;1.08;2.43;;;;;;;;0.8;8.0;0.6;1.0;1.1;0.02;0.08;0.0146;0.0015;0.0008;0.0004;0.0014;0.0001;0.0005;0.0008;0.0027;0.0000;0.0822;0.0001;0.0001;;;;;;
Pedra do Sino;Pluvial_PP1;PS181203-PP1 ;03/12/2018;31;5.7;3.6;1.9;;;4.45;8.07;0.55;0.82;1.18;0.06;1.02;0.84;5.23;0.17;0.03;8.23;3.19;0.01;0.01;0.01;7.39;0.10;4.73;;8.23;;;0.43;0.41;0.84;;;;;;;;0.8;3.7;0.6;0.6;0.4;0.38;0.08;0.0080;0.0015;0.0008;0.0001;0.0005;0.0001;0.0005;0.0005;0.0016;0.0000;0.0021;0.0002;0.0000;;;;;;
Pedra do Sino;Pluvial_PP1;PS190106-PP1 ;06/01/2019;34;5.0;6.0;4.4;;;3.57;6.53;0.67;0.95;2.68;0.17;2.19;0.94;4.48;0.16;0.03;10.36;4.81;0.01;0.25;0.01;10.90;0.00;6.11;;9.23;;;0.40;1.41;1.81;;;;;;;;0.8;2.9;1.4;0.6;0.4;1.07;0.08;0.0160;0.0015;0.0017;0.0001;0.0014;0.0003;0.0012;0.0009;0.0029;0.0000;0.1205;0.0004;0.0000;;;;;;
Pedra do Sino;Pluvial_PP1;PS190210-PP1 ;10/02/2019;35;5.3;6.2;2.2;;;4.43;10.46;1.19;0.84;2.08;0.37;4.05;1.91;3.86;0.08;0.03;13.85;4.67;0.01;0.17;0.01;15.68;0.00;10.66;1.39;25.78;;;0.18;0.26;0.44;;;;;;;;0.8;3.9;2.5;0.9;0.1;1.78;0.08;0.0299;0.0037;0.0030;0.0010;0.0014;0.0001;0.0010;0.0022;0.0047;0.0000;;0.0011;0.0001;;;;;;
Pedra do Sino;Pluvial_PP1;PS190313-PP1;13/03/2019;31;4.9;5.2;3.5;;;12.39;4.68;1.14;1.10;1.11;0.06;1.11;1.16;13.15;0.15;0.03;7.77;41.39;0.01;0.01;0.12;7.86;0.05;4.05;;10.35;;;0.14;0.28;0.42;;;;;;;;2.0;10.4;0.7;1.3;0.1;0.61;0.08;;;;;;;;;;;;;;;;;;;
Pedra do Sino;Pluvial_PP1;PS190413-PP1;13/04/2019;31;4.7;5.7;4.4;;;14.97;3.51;2.84;1.35;2.54;0.21;1.91;0.77;16.20;0.08;0.03;6.32;13.31;0.15;0.03;0.12;5.49;1.04;2.78;;9.78;;;0.11;0.47;0.58;;;;;;;;0.8;9.3;0.8;1.2;0.4;0.54;0.08;0.0001;0.0015;0.0004;0.0001;0.0005;0.0001;0.0002;0.0005;0.0027;0.0000;0.0021;0.0000;0.0000;;;;;;
Pedra do Sino;Pluvial_PP1;PS190518-PP1;18/05/2019;35;4.8;3.4;4.4;;;2.80;2.32;0.79;0.49;2.53;0.06;0.16;0.80;3.59;0.21;0.07;4.18;2.26;0.01;0.01;0.13;2.46;0.70;1.41;;1.70;;;0.19;0.85;1.04;;;;;;;;0.8;1.0;0.4;0.3;0.2;0.46;0.08;0.0005;0.0015;0.0047;0.0001;0.0005;0.0001;0.0002;0.0014;0.0017;0.0000;0.0021;0.0000;0.0001;;;;;;
Pedra do Sino;Pluvial_PP1;PS190614-PP1;14/06/2019;27;5.0;5.4;0.8;;;21.90;5.56;1.66;1.82;2.95;0.16;0.56;0.13;17.66;0.08;0.09;7.73;13.78;0.01;0.01;0.14;6.68;0.24;5.81;1.38;14.74;;;2.89;;2.53;;;;;;;;0.8;18.0;2.2;2.2;0.8;1.66;0.08;0.0170;0.0043;0.0004;0.0001;0.0010;0.0001;0.0002;0.0012;0.0057;0.0005;0.0226;0.0005;0.0008;;;;;;
Pedra do Sino;Pluvial_PP1;PS190709-PP1;09/07/2019;25;5.3;9.3;0.4;;;30.76;8.84;2.08;3.81;5.13;0.19;2.66;1.46;31.38;0.20;0.08;13.02;15.67;0.01;0.01;0.13;13.74;0.58;13.64;7.15;29.21;;;0.66;5.66;6.32;;;;;;;;0.8;31.5;5.3;4.6;1.7;3.89;0.08;0.0410;0.0071;0.0035;0.0004;0.0033;0.0024;0.0033;0.0018;0.0107;0.0008;0.0427;0.0001;0.0002;;;;;;
Pedra do Sino;Pluvial_PP1;PS190806-PP1;06/08/2019;28;;;0.3;;;11.85;12.43;2.81;1.91;4.60;0.37;2.07;0.87;10.43;0.21;0.03;10.76;14.37;0.01;0.01;0.13;17.95;0.22;14.73;8.99;32.39;;;0.33;0.52;0.85;;;;;;;;2.2;12.1;6.0;2.7;2.2;0.02;0.08;0.0404;0.0328;0.0004;0.0024;0.0017;0.0001;0.0002;0.0027;0.0221;0.0004;0.0068;0.0002;0.0003;;;;;;
Pedra do Sino;Pluvial_PP1;PS190910-PP1;10/09/2019;35;;;0.8;;;10.38;22.54;2.02;1.64;5.42;0.23;2.54;0.98;11.11;0.40;0.13;11.69;14.89;0.01;0.01;0.11;22.41;0.29;12.17;;32.47;;;0.23;2.45;2.68;;;;;;;;;;;;;;;0.0401;0.0015;0.0004;0.0001;0.0005;0.0001;0.0002;0.0015;0.0030;0.0004;0.0021;0.0001;0.0001;;;;;;
Pedra do Sino;Pluvial_PP1;PS191004-PP1;04/10/2019;24;;;0.8;;;3.64;1.56;0.76;0.64;1.92;0.06;0.93;0.88;5.35;0.08;0.03;3.99;1.09;0.01;0.01;0.12;;;;;;;;;;;;;;;;;;;;;;;;;;;;;;;;;;;;;;;;;;;
Pedra do Sino;Pluvial_PP1;PS191114-PP1 ;14/11/2019;41;;;3.6;;;4.95;0.14;0.92;1.20;3.30;0.20;1.12;0.13;4.04;0.08;0.03;12.98;4.01;0.01;0.01;0.01;;;;;;;;;;;;;;;;;;;;;;;;;;;;;;;;;;;;;;;;;;;
Pedra do Sino;Pluvial_PP1;PS191216-PP1;16/12/2019;32;5.3;;4.4;;;5.36;0.94;1.89;1.13;2.47;0.88;3.94;0.77;5.03;0.17;0.03;8.06;11.58;0.01;0.01;0.15;;;;;;;;;;;;;;;;;;;;;;;;;;;;;;;;;;;;;;;;;;;
Pedra do Sino;Pluvial_PP1;PS200126-PP1;26/01/2020;41;;;4.4;;;6.12;5.38;2.06;0.82;3.77;0.85;4.35;1.60;6.15;0.31;0.03;14.17;11.68;0.01;0.53;0.39;;;;;;;;;;;;;;;;;;;;;;;;;;;;;;;;;;;;;;;;;;;
Soberbo;Pluvial_PP1;SB180525-PP1 ;25/05/2018;19;5.2;9.0;1.0;;;26.61;15.10;8.47;10.14;6.78;0.27;1.55;0.82;28.65;0.08;0.03;19.35;8.13;0.01;0.64;0.01;18.64;0.09;17.00;;33.26;;;0.18;0.51;0.70;;;;;;;;0.8;21.9;4.4;3.1;1.6;0.02;0.08;0.0410;0.0172;0.0036;0.0011;0.0024;0.0001;0.0018;0.0021;0.0113;0.0032;0.0794;0.0000;0.0000;;;;;;
Soberbo;Pluvial_PP1;SB180630-PP1 ;30/06/2018;36;7.4;57.3;1.2;;;15.13;42.12;28.27;3.24;3.30;0.24;3.85;3.85;20.33;0.61;0.03;28.55;14.59;0.47;1.85;1.05;;1.08;17.46;213.84;232.38;;;8.55;1.84;10.39;;;;;;;;0.8;12.6;5.0;4.3;24.7;0.02;0.22;0.0057;0.0139;0.0091;0.0007;0.0028;0.0001;0.0016;0.0389;0.0124;0.0047;0.0852;0.0005;0.0006;;;;;;
Soberbo;Pluvial_PP1;SB180801-PP1 ;01/08/2018;32;4.7;20.4;0.8;;;31.14;20.98;24.87;6.86;11.77;0.53;5.30;2.11;36.35;0.27;0.10;34.58;17.86;0.65;2.37;0.03;19.95;0.14;31.10;3.83;55.02;;;0.18;1.03;1.21;;;;;;;;0.8;26.3;8.1;6.2;23.5;0.16;0.39;0.1074;0.0287;0.0105;0.0019;0.0053;0.0001;0.0015;0.0476;0.0210;0.0054;0.1291;0.0004;0.0010;;;;;;
Soberbo;Pluvial_PP1;SB180901-PP1;01/09/2018;31;6.3;16.4;1.9;;;22.10;63.23;51.72;4.11;3.63;0.23;2.78;0.81;32.61;0.55;0.07;32.03;24.46;0.19;0.03;2.10;60.50;25.60;0.55;;84.34;;;3.38;1.71;5.09;;;;;;;;0.8;15.0;4.2;5.4;32.1;0.02;0.72;0.0573;0.0122;0.0132;0.0005;0.0033;0.0001;0.0011;0.0748;0.0151;0.0051;0.0849;0.0002;0.0004;;;;;;
Soberbo;Pluvial_PP1;SB180930-PP1;30/09/2018;29;4.8;16.6;1.0;;;23.88;22.06;35.75;11.29;18.01;0.34;4.87;2.83;27.83;0.16;0.03;28.78;30.91;2.26;0.03;0.31;15.59;0.11;28.31;7.75;51.77;;;0.20;1.58;1.78;;;;;;;;2.0;23.4;11.3;8.0;87.9;0.02;0.63;0.1469;0.0210;0.0146;0.0026;0.0058;0.0002;0.0026;0.0634;0.0228;0.0035;0.0935;0.0002;0.0004;;;;;;
Soberbo;Pluvial_PP1;SB181102-PP1 ;02/11/2018;21;7.0;32.1;1.8;;;48.63;336.05;23.30;2.61;1.59;0.82;5.01;0.13;65.50;0.18;0.03;23.71;12.59;0.54;2.81;20.38;246.83;0.29;13.88;47.92;308.91;;;13.64;2.83;16.47;;;;;;;;1.6;52.7;5.9;6.8;18.7;0.02;0.22;0.0440;0.0066;0.0156;0.0011;0.0029;0.0002;0.0014;0.0347;0.0152;0.0029;0.1755;0.0006;0.0003;;;;;;
Soberbo;Pluvial_PP1;SB181203-PP1 ;03/12/2018;31;6.7;30.1;4.4;;;18.21;134.54;54.31;6.28;9.48;0.76;3.60;0.13;19.77;1.24;0.03;7.43;9.47;0.64;2.21;3.30;127.38;0.65;5.37;6.22;139.63;;;3.78;1.92;5.69;;;;;;;;1.7;17.3;44.5;6.9;51.0;0.02;0.08;0.0171;0.0094;0.0087;0.0007;0.0014;0.0002;0.0019;0.1264;0.0277;0.0004;0.0653;0.0023;0.0002;;;;;;
Soberbo;Pluvial_PP1;SB190107-PP1 ;07/01/2019;35;4.9;10.4;4.4;;;12.42;0.29;2.02;2.16;11.47;0.26;2.14;1.25;11.88;0.08;0.03;13.01;7.62;0.01;1.11;0.01;2.92;0.02;10.26;;9.23;;;0.11;1.81;1.92;;;;;;;;0.8;10.8;4.5;1.9;1.6;0.09;0.34;0.0694;0.0253;0.0030;0.0020;0.0029;0.0002;0.0015;0.0043;0.0090;0.0000;0.0021;0.0010;0.0001;;;;;;
Soberbo;Pluvial_PP1;SB190207-PP1 ;07/02/2019;31;6.6;19.0;1.7;;;19.39;64.90;52.81;4.94;7.53;0.23;5.46;2.95;39.10;1.46;0.11;13.89;6.97;0.01;1.81;0.95;55.66;0.76;12.33;50.56;119.31;;;1.10;0.39;1.49;;;;;;;;1.6;19.0;11.2;7.4;53.7;0.02;1.11;0.0269;0.0093;0.0367;0.0010;0.0005;0.0002;0.0020;0.1798;0.0205;0.0010;0.0021;0.0005;0.0001;;;;;;
Soberbo;Pluvial_PP1;SB190312-PP1;12/03/2019;33;5.3;5.8;4.4;;;18.86;0.14;18.85;1.96;3.10;0.16;1.43;0.13;19.58;0.08;0.10;3.28;14.95;0.01;0.01;0.13;7.29;0.13;1.74;;4.76;;;0.32;0.09;0.42;;;;;;;;2.7;13.9;2.4;2.5;11.5;0.02;0.08;0.0313;0.0052;0.0035;0.0007;0.0014;0.0002;0.0007;0.0332;0.0058;0.0002;0.0021;0.0005;0.0000;;;;;;
Soberbo;Pluvial_PP1;SB190414-PP1;14/04/2019;33;4.8;15.1;4.4;;;25.50;1.33;1.12;2.44;2.43;0.06;0.29;0.80;27.19;0.20;0.09;6.25;14.73;0.01;0.01;0.12;3.55;0.67;2.93;17.77;24.91;;;0.37;0.50;0.87;;;;;;;;0.8;23.1;1.5;2.7;0.8;0.02;0.08;0.0009;0.0004;0.0004;0.0001;0.0013;0.0001;0.0002;0.0011;0.0041;0.0004;0.0109;0.0000;0.0000;;;;;;
Soberbo;Pluvial_PP1;SB190519-PP1;19/05/2019;35;6.2;13.2;4.1;;;18.79;72.15;11.77;1.98;2.80;0.34;0.37;0.91;24.23;0.36;0.03;12.95;19.04;0.01;0.01;2.97;72.46;0.87;4.14;21.83;99.30;;;6.22;0.96;7.18;;;;;;;;0.8;17.2;2.7;3.3;8.4;0.07;0.08;0.0109;0.0028;0.0058;0.0001;0.0022;0.0001;0.0002;0.0093;0.0085;0.0013;0.0174;0.0014;0.0018;;;;;;
Soberbo;Pluvial_PP1;SB190615-PP1;15/06/2019;27;6.2;11.3;0.8;;;23.93;33.85;8.16;4.76;10.85;1.06;2.42;0.13;42.16;0.16;0.07;11.03;18.16;2.43;0.03;0.82;58.99;0.71;12.01;39.56;111.28;;;8.08;0.57;8.65;;;;;;;;0.8;33.3;4.7;6.2;6.6;0.02;0.16;0.0076;0.0091;0.0125;0.0006;0.0026;0.0001;0.0002;0.0068;0.0106;0.0015;0.0416;0.0001;0.0002;;;;;;
Soberbo;Pluvial_PP1;SB190704-PP1;04/07/2019;19;4.5;18.7;0.2;;;;;;;;;;;;;;;;;;;5.11;0.21;28.31;14.81;48.44;;;0.59;4.11;4.70;;;;;;;;;;;;;;;;;;;;;;;;;;;;;;;;;
Soberbo;Pluvial_PP1;SB190818-PP1;18/08/2019;45;5.0;8.8;1.7;;;32.70;4.74;12.47;4.74;7.72;0.17;1.62;0.78;42.35;0.08;0.12;15.38;17.77;0.14;0.27;0.11;8.76;0.05;6.41;2.38;17.59;;;0.20;1.04;1.25;;;;;;;;0.8;30.8;5.9;4.8;9.7;0.12;0.08;0.0475;0.0151;0.0021;0.0012;0.0026;0.0001;0.0002;0.0183;0.0125;0.0009;0.0243;0.0001;0.0002;;;;;;
Soberbo;Pluvial_PP1;SB190907-PP1;07/09/2019;20;;;1.4;;;34.62;357.14;107.84;19.65;8.23;0.73;0.36;2.89;58.06;0.92;0.20;15.42;25.36;3.86;0.03;39.30;646.79;0.48;10.70;;582.89;;;2.66;46.80;49.46;;;;;;;;;;;;;;;0.0068;0.0167;0.0744;0.0015;0.0024;0.0002;0.0002;0.1217;0.0229;0.0027;0.2677;0.0002;0.0016;;;;;;
Soberbo;Pluvial_PP1;SB191006-PP1;06/10/2019;29;;;1.9;;;33.84;31.83;42.49;5.24;6.32;0.26;2.04;0.76;39.16;0.29;0.13;21.54;17.62;0.24;0.03;0.12;;;;;;;;;;;;;;;;;;;;;;;;;0.0532;0.0031;0.0064;0.0001;0.0019;0.0001;0.0002;0.0373;0.0059;0.0008;0.0021;0.0000;0.0002;;;;;;
Soberbo;Pluvial_PP1;SB191110-PP1 ;10/11/2019;35;;;2.7;;;32.17;73.52;30.88;5.25;6.28;0.58;3.54;0.75;40.40;1.11;0.10;42.30;18.13;0.78;0.99;2.06;;;;;;;;;;;;;;;;;;;;;;;;;;;;;;;;;;;;;;;;;;;
Soberbo;Pluvial_PP1;SB191216-PP1;16/12/2019;36;5.6;;4.4;;;20.91;7.45;22.94;2.27;3.26;0.28;2.84;0.81;23.42;0.35;0.07;13.99;14.11;0.01;0.35;0.12;;;;;;;;;;;;;;;;;;;;;;;;;;;;;;;;;;;;;;;;;;;
Soberbo;Pluvial_PP1;SB200128-PP1;28/01/2020;43;;;4.4;;;37.14;512.19;145.42;6.27;4.08;4.35;5.57;0.13;132.02;0.08;0.08;2.34;17.03;1.61;0.03;55.98;;;;;;;;;;;;;;;;;;;;;;;;;;;;;;;;;;;;;;;;;;;
Santa Marta;Pluvial_PP1;SM180702-PP1 ;02/07/2018;60;6.7;4.7;1.9;;;12.89;10.65;6.31;2.05;2.95;0.21;0.82;0.13;14.04;0.08;0.03;11.97;4.19;0.01;0.46;0.01;9.53;0.14;9.42;1.05;20.14;;;0.15;2.48;2.64;;;;;;;;0.8;21.9;4.4;3.1;4.8;0.02;0.08;0.0410;0.0172;0.0036;0.0011;0.0024;0.0001;0.0018;0.0021;0.0113;0.0032;0.0794;0.0000;0.0000;;;;;;
Santa Marta;Pluvial_PP1;SM180803-PP1 ;03/08/2018;32;5.3;6.0;0.6;;;7.54;4.79;5.99;2.00;5.35;0.28;3.91;2.50;9.40;0.22;0.09;10.30;5.21;0.01;0.76;0.01;16.04;0.20;9.85;3.76;29.85;;;0.15;1.17;1.32;;;;;;;;0.8;12.6;5.0;4.3;5.2;0.02;0.22;0.0057;0.0139;0.0091;0.0007;0.0028;0.0001;0.0016;0.0389;0.0124;0.0047;0.0852;0.0005;0.0006;;;;;;
Santa Marta;Pluvial_PP1;SM180831-PP1;31/08/2018;28;5.1;8.6;0.7;;;14.79;20.22;6.20;3.34;6.94;0.23;2.63;0.93;12.94;0.24;0.03;24.35;16.30;0.15;0.03;0.17;17.97;20.19;0.01;;35.62;;;0.31;1.43;1.74;;;;;;;;0.8;9.8;3.0;2.6;5.6;0.15;0.41;0.1074;0.0287;0.0105;0.0019;0.0053;0.0001;0.0015;0.0476;0.0210;0.0054;0.1291;0.0004;0.0010;;;;;;
Santa Marta;Pluvial_PP1;SM181001-PP1;01/10/2018;31;6.5;31.2;0.7;;;24.59;138.88;80.06;2.81;1.73;0.28;2.49;0.76;31.44;1.09;0.07;35.38;18.70;0.29;0.03;16.77;196.88;25.24;0.80;66.68;289.60;;;9.64;3.26;12.91;;;;;;;;0.8;15.0;4.2;5.4;32.1;0.02;0.72;0.0573;0.0122;0.0132;0.0005;0.0033;0.0001;0.0011;0.0748;0.0151;0.0051;0.0849;0.0002;0.0004;;;;;;
Santa Marta;Pluvial_PP1;SM181101-PP1 ;01/11/2018;31;5.9;3.0;1.9;;;14.20;10.92;5.68;1.95;2.04;0.26;2.36;2.10;16.31;0.38;0.03;9.18;4.02;0.01;0.34;0.01;21.05;0.22;7.62;13.80;42.69;;;0.51;2.89;3.40;;;;;;;;0.8;15.8;2.1;3.3;5.4;0.09;0.65;0.1469;0.0210;0.0146;0.0026;0.0058;0.0002;0.0026;0.0634;0.0228;0.0035;0.0021;0.0002;0.0004;;;;;;
Santa Marta;Pluvial_PP1;SM181203-PP1 ;03/12/2018;32;5.1;12.7;1.9;;;16.06;5.07;5.28;1.82;1.37;0.36;3.56;1.78;16.89;0.42;0.03;8.47;3.13;0.01;0.34;0.01;6.01;0.13;5.17;18.22;29.54;;;0.91;0.47;1.39;;;;;;;;0.8;6.8;1.4;2.2;4.1;0.02;0.08;0.0440;0.0066;0.0156;0.0011;0.0029;0.0002;0.0014;0.0347;0.0152;0.0029;0.0021;0.0006;0.0003;;;;;;
Santa Marta;Pluvial_PP1;SM190108-PP1 ;08/01/2019;36;6.5;16.0;1.9;;;4.32;95.42;16.08;1.17;0.10;0.19;1.99;0.97;8.72;0.19;0.03;4.00;8.34;0.01;0.37;7.74;158.32;0.80;3.70;40.01;202.83;;;11.61;8.04;19.65;;;;;;;;0.8;5.9;2.8;6.8;28.2;0.05;0.22;0.0171;0.0094;0.0087;0.0007;0.0014;0.0002;0.0019;0.1264;0.0277;0.0004;0.0021;0.0023;0.0002;;;;;;
Santa Marta;Pluvial_PP1;SM190210-PP1 ;10/02/2019;33;7.5;108.5;1.1;;;19.52;0.14;120.97;8.16;2.51;0.22;6.15;2.19;40.87;1.32;0.22;11.63;9.86;1.79;0.03;72.88;693.54;0.62;1.55;;479.63;;;42.90;5.01;47.91;;;;;;;;4.1;16.4;5.3;15.6;112.6;0.29;0.52;0.0694;0.0253;0.0030;0.0020;0.0029;0.0002;0.0015;0.0043;0.0090;0.0000;;0.0010;0.0001;;;;;;
Santa Marta;Pluvial_PP1;SM190311-PP1;11/03/2019;29;6.3;66.0;1.2;;;12.53;107.22;347.35;7.46;18.80;0.45;2.72;0.78;46.37;0.92;0.09;9.38;19.46;0.31;0.03;18.63;107.45;3.11;2.92;352.98;466.45;;;28.29;5.55;33.83;;;;;;;;24.4;19.7;27.0;45.6;241.3;0.39;1.10;0.0030;0.0261;0.0492;0.0020;0.0014;0.0005;0.0064;0.2453;0.0495;0.0021;0.3668;0.0002;0.0004;;;;;;
Santa Marta;Pluvial_PP1;SM190409-PP1;09/04/2019;29;5.9;83.4;2.2;;;16.79;73.30;86.51;20.06;13.60;0.24;0.32;0.82;66.01;0.46;0.15;9.99;26.49;1.19;0.03;57.77;73.46;0.24;2.95;380.30;456.95;;;48.19;14.22;62.41;;;;;;;;5.5;9.6;14.1;20.4;45.0;0.10;0.17;0.0001;0.0027;0.0230;0.0001;0.0005;0.0002;0.0034;0.0574;0.0248;0.0003;0.0172;0.0011;0.0014;;;;;;
Santa Marta;Pluvial_PP1;SM190514-PP1;14/05/2019;35;5.8;19.9;1.9;;;8.85;69.22;51.22;18.13;16.74;0.37;0.29;0.79;31.85;0.53;0.03;3.38;12.22;0.01;0.01;1.15;137.91;1.00;3.95;11.91;154.78;;;10.58;-0.23;10.35;;;;;;;;4.1;5.9;9.3;13.0;37.5;0.10;0.20;0.0001;0.0032;0.0102;0.0001;0.0005;0.0001;0.0019;0.0515;0.0179;0.0007;0.0021;0.0001;0.0001;;;;;;
Santa Marta;Pluvial_PP1;SM190617-PP1;17/06/2019;34;6.9;10.0;1.3;;;14.97;58.69;30.11;4.57;4.16;0.31;0.41;0.94;34.07;0.34;0.03;11.70;13.73;1.35;0.03;0.03;92.34;0.47;5.54;59.37;157.72;;;6.41;1.93;8.34;;;;;;;;0.8;8.8;2.4;3.8;14.4;0.02;0.17;0.0001;0.0003;0.0075;0.0001;0.0005;0.0001;0.0002;0.0145;0.0033;0.0000;0.0052;0.0001;0.0002;;;;;;
Santa Marta;Pluvial_PP1;SM190709-PP1;09/07/2019;22;4.7;17.1;0.2;;;;;;;;;;;;;;;;;;;9.81;0.69;18.85;20.67;50.02;;;0.24;7.42;7.66;;;;;;;;0.8;33.3;4.7;6.2;;0.02;0.16;;;;;;;;;;;;;;;;;;;
Santa Marta;Pluvial_PP1;SM190808-PP1;08/08/2019;30;7.3;106.3;0.4;;;36.85;68.75;137.70;7.63;11.35;0.32;2.23;0.93;75.21;0.94;0.16;32.85;44.95;2.78;0.03;123.31;678.45;0.66;10.90;560.14;1250.15;;;44.30;42.48;86.79;;;;;;;;3.0;31.5;17.5;28.9;125.9;0.31;0.37;0.0001;0.0116;0.0857;0.0008;0.0022;0.0002;0.0019;0.0651;0.0310;0.0015;0.1679;0.0001;0.0003;;;;;;
Santa Marta;Pluvial_PP1;SM190906-PP1;06/09/2019;29;;;;;;21.43;143.89;29.46;8.09;9.49;0.26;3.45;0.77;35.46;0.34;0.03;12.91;14.60;0.01;0.01;15.64;293.95;0.57;6.84;69.71;371.07;;;20.55;1.96;22.51;;;;;;;;;;;;;;;;;;;;;;;;;;;;;;;;;
Santa Marta;Pluvial_PP1;SM191008-PP1;08/10/2019;32;5.8;8.3;1.4;;;46.80;7.74;18.52;4.39;6.34;0.17;3.82;0.94;42.32;0.17;0.08;13.16;17.01;0.01;0.09;0.72;;;;;;;;;;;;;;;;;;;;;;;;;;;;;;;;;;;;;;;;;;;
Santa Marta;Pluvial_PP1;SM191112-PP1;12/11/2019;35;7.1;26.9;1.9;;;13.21;215.61;39.44;6.95;2.84;0.06;3.81;0.91;17.25;0.27;0.03;9.51;13.55;0.01;0.01;24.98;;;;;;;;;;;;;;;;;;;;;;;;;;;;;;;;;;;;;;;;;;;
Santa Marta;Pluvial_PP1;SM191214-PP1;14/12/2019;32;7.6;9.2;1.9;;;26.00;66.95;33.12;2.54;4.45;0.19;2.75;0.86;78.46;0.08;0.03;2.74;12.78;0.01;0.01;0.14;;;;;;;;;;;;;;;;;;;;;;;;;;;;;;;;;;;;;;;;;;;
Santa Marta;Pluvial_PP1;SM200121-PP1;21/01/2020;38;4.7;;1.9;;;13.51;79.39;45.08;6.13;5.44;0.06;3.84;0.88;138.11;0.16;0.03;5.98;11.25;0.01;0.64;4.00;;;;;;;;;;;;;;;;;;;;;;;;;;;;;;;;;;;;;;;;;;;
Santa Marta;Pluvial_PP1;SM200125-PP1;25/01/2020;4;7.5;17.8;2.4;;;2.38;5.95;19.52;2.94;4.75;0.30;3.16;1.10;7.03;0.28;0.03;6.61;0.55;0.01;0.78;1.33;;;;;;;;;;;;;;;;;;;;;;;;;;;;;;;;;;;;;;;;;;;
Bonfim;Pluvial_PP2;BM180929-PP2;29/09/2018;29;6.1;9.0;1.02;;;;;;;;;;;;;;;;;;;13.95;0.23;15.56;20.01;49.75;;;2.70;5.86;8.56;;;;;;;;1.7;4.2;8.06;2.67;6.90;0.02;0.38;0.113;0.011;0.0088;0.0034;0.0043;0.0002;0.0017;0.0102;0.0168;0.0010;;0.0001;0.0003;;;;;;
Bonfim;Pluvial_PP2;BM181103-PP2;03/11/2018;35;5.0;15.5;0.88;;;;;;;;;;;;;;;;;;;14.27;0.11;18.34;;30.15;;;5.92;6.62;12.54;;;;;;;;2.9;17;9.33;4.91;8.75;0.05;0.55;;;;;;;;;;;;;;;;;;;
Bonfim;Pluvial_PP2;BM181204-PP2;04/12/2018;31;5.3;5.8;2.20;;;;;;;;;;;;;;;;;;;6.25;0.13;5.44;;8.49;;;1.61;7.24;8.86;;;;;;;;0.8;3.7;2.73;1.08;2.83;0.02;0.08;0.030;0.005;0.0039;0.0011;0.0014;0.0005;0.0039;0.0044;0.0064;0.0000;0.0021;0.0002;0.0001;;;;;;
Bonfim;Pluvial_PP2;BM190106-PP2;06/01/2019;33;4.8;9.3;3.71;;;;;;;;;;;;;;;;;;;8.29;0.21;8.36;10.27;27.13;;;1.05;2.95;4.00;;;;;;;;0.8;1.4;2.97;0.91;1.59;0.02;0.39;0.036;0.005;0.0031;0.0010;0.0014;0.0001;0.0015;0.0030;0.0066;0.0002;0.0021;0.0007;0.0003;;;;;;
Bonfim;Pluvial_PP2;BM190206-PP2;06/02/2019;31;4.6;19.5;0.86;;;;;;;;;;;;;;;;;;;15.57;0.10;16.74;24.24;56.65;;;3.15;1.92;5.07;;;;;;;;2.4;4.4;10.68;3.05;6.22;0.27;1.67;0.117;0.016;0.0069;0.0016;0.0014;0.0002;0.0024;0.0125;0.0204;0.0008;0.1840;0.0010;0.0005;;;;;;
Bonfim;Pluvial_PP2;BM190313-PP2;12/03/2019;34;4.7;9.3;2.70;;;;;;;;;;;;;;;;;;;5.30;0.97;4.80;12.22;23.29;;;1.27;4.33;5.60;;;;;;;;3.4;2.6;1.78;0.82;1.50;0.02;0.20;0.014;0.005;0.0009;0.0004;0.0010;0.0001;0.0002;0.0016;0.0035;0.0000;0.0138;0.0006;0.0009;;;;;;
Bonfim;Pluvial_PP2;BM190413-PP2;13/04/2019;32;4.8;5.0;2.09;;;;;;;;;;;;;;;;;;;8.67;1.09;4.87;12.15;26.77;;;0.34;1.44;1.78;;;;;;;;0.8;3.7;2.13;0.98;3.85;0.02;0.16;0.012;0.005;0.0010;0.0003;0.0005;0.0001;0.0002;0.0050;0.0038;0.0002;0.0103;0.0001;0.0002;;;;;;
Bonfim;Pluvial_PP2;BM190518-PP2;18/05/2019;35;4.7;6.8;1.31;;;;;;;;;;;;;;;;;;;5.82;0.66;3.98;14.69;25.16;;;3.64;3.78;7.43;;;;;;;;0.8;4.2;3.73;1.38;3.31;0.02;0.25;0.019;0.006;0.0018;0.0004;0.0005;0.0002;0.0002;0.0057;0.0062;0.0004;0.0249;0.0001;0.0001;;;;;;
Bonfim;Pluvial_PP2;BM190616-PP2;16/06/2019;29;5.3;13.5;0.32;;;;;;;;;;;;;;;;;;;6.53;0.28;9.14;0.04;15.99;;;8.21;6.27;14.47;;;;;;;;;;;;;;;;;;;;;;;;;;;;;;;;;
Bonfim;Pluvial_PP2;BM190707-PP2;07/07/2019;21;6.0;17.1;0.23;;;;;;;;;;;;;;;;;;;12.13;0.70;17.04;;17.35;;;5.71;15.55;21.26;;;;;;;;;;;;;;;;;;;;;;;;;;;;;;;;;
Bonfim;Pluvial_PP2;BM190817-PP2;17/08/2019;41;;;0.13;;;;;;;;;;;;;;;;;;;26.73;0.17;;23.22;50.12;;;12.19;16.03;28.22;;;;;;;;;;;;;;;;;;;;;;;;;;;;;;;;;
Bonfim;Pluvial_PP2;BM190908-PP2;08/09/2019;22;;;0.60;;;;;;;;;;;;;;;;;;;24.64;0.16;27.64;;39.53;;;2.57;12.76;15.34;;;;;;;;;;;;;;;0.195;0.020;0.0058;0.0017;0.0035;0.0001;0.0002;0.0103;0.0295;0.0026;0.0672;0.0003;0.0006;;;;;;
Bonfim;Pluvial_PP2;BM191005-PP2;05/10/2019;27;6.0;10.8;0.56;;;;;;;;;;;;;;;;;;;;;;;;;;;;;;;;;;;;;;;;;;;;;;;;;;;;;;;;;;;;;
Bonfim;Pluvial_PP2;BM191109-PP2;09/11/2019;35;;;;;;;;;;;;;;;;;;;;;;;;;;;;;;;;;;;;;;;;;;;;;;;;;;;;;;;;;;;;;;;;
Bonfim;Pluvial_PP2;BM191215-PP2;15/12/2019;36;;;;;;;;;;;;;;;;;;;;;;;;;;;;;;;;;;;;;;;;;;;;;;;;;;;;;;;;;;;;;;;;
Bonfim;Pluvial_PP2;BM200127-PP2;27/01/2020;43;;;;;;;;;;;;;;;;;;;;;;;;;;;;;;;;;;;;;;;;;;;;;;;;;;;;;;;;;;;;;;;;
Pedra do Sino;Pluvial_PP2;PS181001-PP2;01/10/2018;30;4.3;15.7;0.93;;;;;;;;;;;;;;;;;;;21.82;0.10;17.35;;32.90;;;0.17;1.95;2.12;;;;;;;;0.8;3.44;2.99;1.25;1.77;0.19;0.51;0.089;0.006;0.0061;0.0016;0.0029;0.0001;0.0014;0.0032;0.0067;0.0006;0.0021;0.0011;0.0001;;;;;;
Pedra do Sino;Pluvial_PP2;PS181102-PP2;02/11/2018;32;5.4;5.7;1.86;;;;;;;;;;;;;;;;;;;9.43;0.07;7.32;;15.05;;;1.35;1.08;2.43;;;;;;;;0.8;7.90;0.80;1.02;0.75;0.02;0.08;0.018;0.001;0.0011;0.0010;0.0014;0.0001;0.0010;0.0012;0.0029;0.0000;0.0021;0.0004;0.0000;;;;;;
Pedra do Sino;Pluvial_PP2;PS181203-PP2;03/12/2018;31;5.7;3.4;1.86;;;;;;;;;;;;;;;;;;;7.39;0.10;4.73;;8.23;;;0.43;0.41;0.84;;;;;;;;0.8;1.92;0.59;0.40;0.59;0.39;0.08;0.008;0.001;0.0004;0.0004;0.0005;0.0001;0.0005;0.0006;0.0014;0.0000;0.0021;0.0000;0.0000;;;;;;
Pedra do Sino;Pluvial_PP2;PS190106-PP2;06/01/2019;34;4.6;10.5;4.41;;;;;;;;;;;;;;;;;;;10.90;0.00;6.11;;9.23;;;0.40;1.41;1.81;;;;;;;;0.8;2.14;0.90;0.46;0.46;0.71;0.08;0.015;0.001;0.0030;0.0006;0.0005;0.0014;0.0009;0.0009;0.0024;0.0000;0.0021;0.0009;0.0000;;;;;;
Pedra do Sino;Pluvial_PP2;PS190210-PP2;10/02/2019;35;4.4;15.4;2.16;;;;;;;;;;;;;;;;;;;15.68;0.00;10.66;;25.78;;;0.18;0.26;0.44;;;;;;;;0.8;3.01;1.92;0.74;1.01;1.31;0.31;0.026;0.003;0.0025;0.0022;0.0005;0.0001;0.0010;0.0021;0.0034;0.0004;0.0021;0.0009;0.0000;;;;;;
Pedra do Sino;Pluvial_PP2;PS190313-PP2;13/03/2019;31;4.8;5.7;3.46;;;;;;;;;;;;;;;;;;;7.86;0.05;4.05;;10.35;;;0.14;0.28;0.42;;;;;;;;0.8;8.60;0.59;1.09;0.61;0.53;0.08;;;;;;;;;;;;;;;;;;;
Pedra do Sino;Pluvial_PP2;PS190413-PP2;13/04/2019;31;4.8;5.0;4.41;;;;;;;;;;;;;;;;;;;5.49;1.04;2.78;0.47;9.78;;;0.11;0.47;0.58;;;;;;;;0.8;7.93;0.50;0.98;0.32;0.35;0.08;0.000;0.001;0.0004;0.0001;0.0005;0.0001;0.0002;0.0003;0.0014;0.0000;0.0021;0.0000;0.0000;;;;;;
Pedra do Sino;Pluvial_PP2;PS190518-PP2;18/05/2019;35;4.8;3.0;4.41;;;;;;;;;;;;;;;;;;;2.46;0.70;1.41;;1.70;;;0.19;0.85;1.04;;;;;;;;0.8;0.28;0.15;0.11;0.22;0.19;0.08;0.000;0.001;0.0004;0.0001;0.0005;0.0001;0.0002;0.0005;0.0005;0.0000;0.0021;0.0000;0.0000;;;;;;
Pedra do Sino;Pluvial_PP2;PS190614-PP2;14/06/2019;27;4.7;7.4;0.79;;;;;;;;;;;;;;;;;;;6.68;0.24;5.81;2.02;14.74;;;2.89;;2.53;;;;;;;;0.8;15.68;2.05;2.30;1.20;1.54;0.17;0.015;0.004;0.0008;0.0001;0.0013;0.0001;0.0002;0.0013;0.0045;0.0006;0.0314;0.0001;0.0002;;;;;;
Pedra do Sino;Pluvial_PP2;PS190709-PP2;09/07/2019;25;4.7;13.3;0.39;;;;;;;;;;;;;;;;;;;13.74;0.58;13.64;1.24;29.21;;;0.66;5.66;6.32;;;;;;;;0.8;29.91;4.39;4.46;2.13;3.21;0.40;0.043;0.007;0.0038;0.0005;0.0012;0.0020;0.0002;0.0020;0.0097;0.0011;0.0204;0.0000;0.0001;;;;;;
Pedra do Sino;Pluvial_PP2;PS190806-PP2;06/08/2019;28;;;0.30;;;;;;;;;;;;;;;;;;;17.95;0.22;14.73;;32.39;;;0.33;0.52;0.85;;;;;;;;0.8;8.54;5.63;2.51;1.74;0.05;0.43;0.051;0.011;0.0019;0.0006;0.0012;0.0001;0.0002;0.0026;0.0112;0.0005;0.0088;0.0000;0.0001;;;;;;
Pedra do Sino;Pluvial_PP2;PS190910-PP2;10/09/2019;35;;;0.60;;;;;;;;;;;;;;;;;;;22.41;0.29;12.17;;32.47;;;0.23;2.45;2.68;;;;;;;;;;;;;;;0.046;0.004;0.0010;0.0003;0.0005;0.0001;0.0002;0.0015;0.0044;0.0006;0.0021;0.0004;0.0005;;;;;;
Pedra do Sino;Pluvial_PP2;PS191004-PP2;04/10/2019;24;;;0.79;;;;;;;;;;;;;;;;;;;;;;;;;;;;;;;;;;;;;;;;;;;0.009;0.001;0.0004;0.0001;0.0005;0.0001;0.0002;0.0007;0.0001;0.0001;0.0021;0.0001;0.0003;;;;;;
Pedra do Sino;Pluvial_PP2;PS191114-PP2 ;14/11/2019;41;;;;;;;;;;;;;;;;;;;;;;;;;;;;;;;;;;;;;;;;;;;;;;;;;;;;;;;;;;;;;;;;
Pedra do Sino;Pluvial_PP2;PS191216-PP2;16/12/2019;32;;;;;;;;;;;;;;;;;;;;;;;;;;;;;;;;;;;;;;;;;;;;;;;;;;;;;;;;;;;;;;;;
Pedra do Sino;Pluvial_PP2;PS200126-PP2;26/01/2020;41;;;;;;;;;;;;;;;;;;;;;;;;;;;;;;;;;;;;;;;;;;;;;;;;;;;;;;;;;;;;;;;;
Soberbo;Pluvial_PP2;SB180930-PP2;30/09/2018;29;5.6;20.5;1.11;;;;;;;;;;;;;;;;;;;15.59;0.11;28.31;7.75;51.77;;;0.20;1.58;1.78;;;;;;;;2.4;21.16;14.10;6.90;62.40;0.14;0.68;;;;;;;;;;;;;;;;;;;
Soberbo;Pluvial_PP2;SB181012-PP2;02/11/2018;33;6.5;10.5;1.58;;;;;;;;;;;;;;;;;;;246.83;0.29;13.88;47.92;308.91;;;13.64;2.83;16.47;;;;;;;;0.8;9.24;6.21;6.45;98.79;0.02;0.08;0.071;0.001;0.0205;0.0001;0.0014;0.0003;0.0058;0.0772;0.0092;0.0031;;0.0001;0.0001;;;;;;
Soberbo;Pluvial_PP2;SB181203-PP2;03/12/2018;31;5.6;8.1;4.41;;;;;;;;;;;;;;;;;;;127.38;0.65;5.37;6.22;139.63;;;3.78;1.92;5.69;;;;;;;;0.8;10.75;3.65;2.61;8.64;0.02;0.08;0.054;0.004;0.0099;0.0007;0.0005;0.0001;0.0015;0.0219;0.0060;0.0010;;0.0029;0.0001;;;;;;
Soberbo;Pluvial_PP2;SB190107-PP2;07/01/2019;35;5.3;10.7;4.41;;;;;;;;;;;;;;;;;;;2.92;0.02;10.26;;9.23;;;0.11;1.81;1.92;;;;;;;;0.8;11.18;7.14;2.89;7.33;0.04;0.22;0.053;0.010;0.0074;0.0014;0.0014;0.0018;0.0012;0.0176;0.0105;0.0020;;0.0017;0.0001;;;;;;
Soberbo;Pluvial_PP2;SB190207-PP2;07/02/2019;31;4.7;29.9;1.72;;;;;;;;;;;;;;;;;;;55.66;0.76;12.33;50.56;119.31;;;1.10;0.39;1.49;;;;;;;;2.3;15.40;21.33;28.19;134.46;0.07;0.54;0.139;0.012;0.0223;0.0013;0.0029;0.0002;0.0041;0.3801;0.0615;0.0010;;0.0012;0.0002;;;;;;
Soberbo;Pluvial_PP2;SB190312-PP2;10/03/2019;31;5.6;11.1;4.41;;;;;;;;;;;;;;;;;;;7.29;0.13;1.74;;4.76;;;0.32;0.09;0.42;;;;;;;;2.9;13.56;2.75;5.28;32.71;0.02;0.16;0.014;0.005;0.0073;0.0001;0.0005;0.0001;0.0002;0.0490;0.0060;0.0007;0.0094;0.0001;0.0001;;;;;;
Soberbo;Pluvial_PP2;SB190414-PP2;14/04/2019;35;4.6;9.5;4.41;;;;;;;;;;;;;;;;;;;3.55;0.67;2.93;17.77;24.91;;;0.37;0.50;0.87;;;;;;;;0.8;23.01;1.71;3.24;5.36;0.02;0.08;0.005;0.006;0.0019;0.0004;0.0014;0.0002;0.0002;0.0075;0.0046;0.0005;0.0187;0.0001;0.0002;;;;;;
Soberbo;Pluvial_PP2;SB190519-PP2;19/05/2019;35;4.5;10.1;4.03;;;;;;;;;;;;;;;;;;;72.46;0.87;4.14;21.83;99.30;;;6.22;0.96;7.18;;;;;;;;;;;;2.63;;;0.022;0.008;0.0024;0.0004;0.0016;0.0005;0.0002;0.0022;0.0052;0.0015;0.0184;0.0002;0.0004;;;;;;
Soberbo;Pluvial_PP2;SB190615-PP2;15/06/2019;27;6.0;12.3;0.79;;;;;;;;;;;;;;;;;;;58.99;0.71;12.01;39.56;111.28;;;8.08;0.57;8.65;;;;;;;;0.8;15.65;2.27;2.27;11.44;0.07;0.16;0.063;0.016;0.0054;0.0010;0.0021;0.0001;0.0002;0.0079;0.0126;0.0013;0.0704;0.0001;0.0002;;;;;;
Soberbo;Pluvial_PP2;SB190704-PP2;04/07/2019;19;4.9;17.5;0.23;;;;;;;;;;;;;;;;;;;5.11;0.21;28.31;14.81;48.44;;;0.59;4.11;4.70;;;;;;;;;;;;;;;;;;;;;;;;;;;;;;;;;
Soberbo;Pluvial_PP2;SB190818-PP2;18/08/2019;45;4.8;12.4;1.73;;;;;;;;;;;;;;;;;;;8.76;0.05;6.41;2.38;17.59;;;0.20;1.04;1.25;;;;;;;;0.8;32.08;5.69;5.39;10.08;0.09;0.20;0.050;0.015;0.0052;0.0011;0.0026;0.0001;0.0002;0.0121;0.0119;0.0017;0.0233;0.0001;0.0002;;;;;;
Soberbo;Pluvial_PP2;SB190907-PP2;07/09/2019;20;;;1.42;;;;;;;;;;;;;;;;;;;646.79;0.48;10.70;;582.89;;;2.66;46.80;49.46;;;;;;;;;;;;;;;0.091;0.014;0.1378;0.0012;0.0022;0.0004;0.0017;0.2046;0.0211;0.0029;0.4714;0.0005;0.0029;;;;;;
Soberbo;Pluvial_PP2;SB191006-PP2;06/10/2019;29;;;1.86;;;;;;;;;;;;;;;;;;;;;;;;;;;;;;;;;;;;;;;;;;;0.090;0.009;0.0059;0.0008;0.0023;0.0003;0.0002;0.0090;0.0176;0.0013;0.0021;0.0010;0.0013;;;;;;
Soberbo;Pluvial_PP2;SB191110-PP2 ;10/11/2019;35;;;;;;;;;;;;;;;;;;;;;;;;;;;;;;;;;;;;;;;;;;;;;;;;;;;;;;;;;;;;;;;;
Soberbo;Pluvial_PP2;SB191216-PP2;16/12/2019;36;;;;;;;;;;;;;;;;;;;;;;;;;;;;;;;;;;;;;;;;;;;;;;;;;;;;;;;;;;;;;;;;
Soberbo;Pluvial_PP2;SB200128-PP2;28/01/2020;43;;;;;;;;;;;;;;;;;;;;;;;;;;;;;;;;;;;;;;;;;;;;;;;;;;;;;;;;;;;;;;;;
Santa Marta;Pluvial_PP2;SM181101-PP2;01/11/2018;31;6.1;2.5;1.86;;;;;;;;;;;;;;;;;;;21.05;0.22;7.62;13.80;42.69;;;0.51;2.89;3.40;;;;;;;;0.8;15.86;1.76;4.75;98.79;0.02;0.08;0.071;0.001;0.0205;0.0001;0.0014;0.0003;0.0058;0.0772;0.0092;0.0031;0.0118;0.0001;0.0001;;;;;;
Santa Marta;Pluvial_PP2;SM181203-PP2;03/12/2018;32;6.7;45.7;4.41;;;;;;;;;;;;;;;;;;;6.01;0.13;5.17;18.22;29.54;;;0.91;0.47;1.39;;;;;;;;1.6;13.51;6.31;5.29;20.55;0.39;1.42;0.054;0.004;0.0099;0.0007;0.0005;0.0001;0.0015;0.0219;0.0060;0.0010;0.2041;0.0029;0.0001;;;;;;
Santa Marta;Pluvial_PP2;SM190108-PP2;08/01/2019;36;5.7;34.7;3.53;;;;;;;;;;;;;;;;;;;158.32;0.80;3.70;40.01;202.83;;;11.61;8.04;19.65;;;;;;;;5.8;18.15;7.05;16.03;110.34;0.17;0.46;0.053;0.010;0.0074;0.0014;0.0014;0.0018;0.0012;0.0176;0.0105;0.0020;0.0021;0.0017;0.0001;;;;;;
Santa Marta;Pluvial_PP2;SM190210-PP2;07/02/2019;30;7.0;62.0;1.17;;;;;;;;;;;;;;;;;;;693.54;0.62;1.55;;479.63;;;42.90;5.01;47.91;;;;;;;;7.2;13.18;8.11;21.74;69.74;0.12;0.33;0.139;0.012;0.0223;0.0013;0.0029;0.0002;0.0041;0.3801;0.0615;0.0010;0.0108;0.0012;0.0002;;;;;;
Santa Marta;Pluvial_PP2;SM190313-PP2;13/03/2019;34;6.7;45.9;1.32;;;;;;;;;;;;;;;;;;;44.86;3.11;2.92;415.56;466.45;;;28.29;5.55;33.83;;;;;;;;7.1;18.18;31.69;79.40;286.09;0.32;3.51;0.521;0.042;0.0972;0.0033;0.0018;0.0002;0.0101;0.3399;0.0850;0.0009;0.2844;0.0005;0.0010;;;;;;
Santa Marta;Pluvial_PP2;SM190409-PP2;09/04/2019;27;3.1;579.0;2.20;;;;;;;;;;;;;;;;;;;12.61;0.24;2.95;441.15;456.95;;;48.19;14.22;62.41;;;;;;;;0.8;15.13;7.39;14.38;45.34;0.19;0.90;0.073;0.006;0.0134;0.0004;0.0005;0.0001;0.0004;0.0432;0.0102;0.0030;0.0524;0.0004;0.0010;;;;;;
Santa Marta;Pluvial_PP2;SM190514-PP2;14/05/2019;35;5.8;33.7;1.87;;;;;;;;;;;;;;;;;;;137.91;1.00;3.95;11.91;154.78;;;10.58;;10.35;;;;;;;;3.9;21.33;24.45;50.12;134.32;0.26;0.68;0.022;0.011;0.0628;0.0008;0.0005;0.0001;0.0141;0.1484;0.0313;0.0015;0.1823;0.0003;0.0005;;;;;;
Santa Marta;Pluvial_PP2;SM190617-PP2;17/06/2019;34;6.6;12.5;1.33;;;;;;;;;;;;;;;;;;;92.34;0.47;5.54;59.37;157.72;;;6.41;1.93;8.34;;;;;;;;0.8;10.85;7.07;6.90;20.14;0.05;0.27;0.051;0.006;0.0183;0.0004;0.0005;0.0001;0.0002;0.0129;0.0109;0.0003;0.0285;0.0008;0.0016;;;;;;
Santa Marta;Pluvial_PP2;SM190709-PP2;09/07/2019;22;6.3;24.9;0.18;;;;;;;;;;;;;;;;;;;9.81;0.69;18.85;20.67;50.02;;;0.24;7.42;7.66;;;;;;;;;;;;;;;;;;;;;;;;;;;;;;;;;
Santa Marta;Pluvial_PP2;SM190808-PP2;08/08/2019;30;6.5;71.1;0.40;;;;;;;;;;;;;;;;;;;678.45;0.66;10.90;560.14;1250.15;;;44.30;42.48;86.79;;;;;;;;2.6;38.18;0.15;4.26;158.05;0.58;1.12;0.290;0.023;0.0817;0.0020;0.0011;0.0004;0.0026;0.0779;0.0390;0.0025;0.1754;0.0005;0.0011;;;;;;
Santa Marta;Pluvial_PP2;SM190906-PP2;06/09/2019;29;;;;;;;;;;;;;;;;;;;;;;293.95;0.57;6.84;69.71;371.07;;;20.55;1.96;22.51;;;;;;;;;;;;;;;;;;;;;;;;;;;;;;;;;
Santa Marta;Pluvial_PP2;SM191008-PP2;08/10/2019;32;;;;;;;;;;;;;;;;;;;;;;;;;;;;;;;;;;;;;;;;;;;;;;;;;;;;;;;;;;;;;;;;
Santa Marta;Pluvial_PP2;SM191112-PP2;12/11/2019;35;;;;;;;;;;;;;;;;;;;;;;;;;;;;;;;;;;;;;;;;;;;;;;;;;;;;;;;;;;;;;;;;
Santa Marta;Pluvial_PP2;SM191214-PP2;14/12/2019;32;;;;;;;;;;;;;;;;;;;;;;;;;;;;;;;;;;;;;;;;;;;;;;;;;;;;;;;;;;;;;;;;
Santa Marta;Pluvial_PP2;SM200121-PP2;21/01/2020;38;;;;;;;;;;;;;;;;;;;;;;;;;;;;;;;;;;;;;;;;;;;;;;;;;;;;;;;;;;;;;;;;
Santa Marta;Pluvial_PP2;SM200125-PP2;25/01/2020;4;;;;;;;;;;;;;;;;;;;;;;;;;;;;;;;;;;;;;;;;;;;;;;;;;;;;;;;;;;;;;;;;
