Amostras;pH;?;Q;T;Li;Na;NH4;K;Mg;Ca;F;CH3COO;CHOO;Cl;NO2;Br;NO3;SO4;CH2(COO)2;C2O4 ;PO4;NH4;NO2;NO3;NID;NOD;NTD;NP;NT;PO4;POD;PTD;PP;PT;COD;CID;CD;HCO3;HCO3;Si;Na;Ca;Mg;K;Fe;Al;Mn;Ba;Cu;Ga;Li;Mo;Ni;Rb;Sr;V;Zn;La;Ce;Pr;Sm;Eu;Gd;Nd;Pb
;;uS cm-1;m3 s-1;  ?C        ;然;然;然;然;然;然;然;然;然;然;然;然;然;然;然;然;然;然;然;然;然;然;然;然;然;然;然;然;然;然;然;然;然;然;然;然;然;然;然;然;然;然;然;然;然;然;然;然;然;然;然;然;然;然;然;然;然;然;然;ppb;ppb
BM180505;5.6;6.9;0.2;14.9;0.08;46.05;0.90;6.87;2.00;4.29;1.70;3.66;1.94;9.66;0.19;0.12;2.00;2.03;0.01;0.30;0.14;0.03;0.05;0.03;0.07;;;;;0.54;2.70;3.24;;;122.92;13.88;136.75;132;48;114.29;47.41;7.26;3.29;6.06;0.39;1.37;0.005;0.03;0.0035;0.0023;0.04;0.0010;0.0002;0.013;0.044;0.002;0.002;0.002;0.003;0.00033;0.00012;0.00002;0.00012;0.25;0.04
BM180526;6.0;6.6;0.1;13.1;0.08;47.63;0.10;6.80;1.90;4.23;1.60;1.85;1.36;8.89;0.15;0.03;3.12;7.25;0.01;0.17;0.12;0.03;0.04;0.01;0.04;;;;;0.26;2.78;3.04;;;102.00;49.60;151.58;19;;117.14;44.98;8.53;3.70;6.26;0.39;1.59;0.005;0.03;0.0014;0.0019;0.04;0.0009;0.0004;0.013;0.046;0.003;0.043;0.002;0.003;0.00042;0.00021;0.00003;0.00021;0.20;0.05
BM180629;6.7;7.2;0.1;12.5;0.08;59.30;0.10;8.84;2.70;5.78;1.75;1.87;0.86;9.38;0.08;0.03;3.34;9.33;0.01;0.37;0.21;0.03;0.03;1.24;1.27;;;;;0.43;3.78;4.21;;;97.83;11.79;109.58;280;48;135.44;49.85;9.16;3.79;6.98;0.28;0.85;0.006;0.03;0.0008;0.0018;0.04;0.0003;0.0003;0.015;0.053;0.002;0.039;0.002;0.003;0.00033;0.00023;0.00003;0.00015;0.18;0.01
BM180731 ;6.5;7.8;0.1;13.6;0.08;60.36;0.10;8.35;2.60;5.39;1.84;3.84;1.06;8.94;0.25;0.03;3.13;9.69;0.01;0.30;0.20;1.01;0.05;1.50;2.55;;;;;0.56;1.36;1.92;;;118.58;3.53;122.08;25;;111.13;41.96;8.42;3.75;6.00;0.31;0.65;0.006;0.03;0.0011;0.0021;0.03;0.0004;0.0002;0.013;0.048;0.002;0.002;0.001;0.002;0.00028;0.00009;0.00002;0.00012;0.13;0.01
BM180831;6.8;7.9;0.1;14.3;0.08;61.78;0.50;10.05;2.50;6.18;1.53;3.37;1.75;15.88;0.16;0.08;5.74;12.01;0.13;0.77;0.18;0.03;0.06;1.30;1.37;-0.08;6.32;0.62;6.94;0.50;1.97;2.47;;;230.58;29.24;259.86;94;;75.84;249.65;49.53;22.73;24.42;1.36;3.70;0.010;0.02;0.0014;0.0020;0.03;0.0003;0.0012;0.023;0.056;0.001;0.002;0.002;0.003;0.00035;0.00020;0.00001;0.00013;0.24;0.01
BM180929;6.1;9.3;0.1;17.6;0.08;52.05;0.40;12.63;3.50;8.29;1.73;2.87;1.11;16.62;0.16;0.08;5.19;9.26;0.22;0.41;0.12;0.03;0.04;0.02;0.04;;;;;0.49;1.99;2.47;;;224.83;24.22;249.08;81;57;124.19;56.75;12.51;5.66;0.00;0.62;2.27;0.011;0.03;0.0016;0.0029;0.03;0.0002;0.0010;0.025;0.057;0.001;0.002;0.003;0.004;0.00057;0.00027;0.00001;0.00025;0.30;0.03
BM181103 ;6.7;7.5;0.1;17.5;0.08;53.18;0.10;8.72;3.00;7.03;1.84;2.04;0.13;10.27;0.08;0.03;3.31;7.58;0.01;0.59;0.03;0.03;0.06;0.31;0.37;;;;;0.52;1.52;2.04;;;244.00;6.24;250.25;88;48;116.27;41.15;7.58;4.47;7.21;0.50;2.22;0.012;0.02;0.0013;0.0019;0.04;0.0004;0.0009;0.023;0.051;0.001;0.002;0.003;0.004;0.00064;0.00027;0.00001;0.00032;0.37;0.01
BM181204 ;6.5;6.2;0.3;15.8;0.08;39.81;0.10;5.30;1.70;4.42;1.43;1.64;0.99;7.91;0.08;0.03;1.87;7.98;0.01;0.77;0.03;0.03;0.06;0.42;0.48;;;;;0.50;3.00;3.50;;;325.31;5.83;331.14;61;22;95.62;40.35;7.60;3.53;4.81;0.46;3.06;0.008;0.02;0.0013;0.0017;0.04;0.0001;0.0014;0.016;0.040;0.001;0.002;0.003;0.005;0.00071;0.00047;0.00007;0.00025;0.37;0.01
BM190106;5.9;5.3;1.0;17.9;0.08;35.16;0.10;5.36;1.80;4.23;1.46;1.98;0.83;8.12;0.08;0.04;1.80;8.08;0.01;0.73;0.22;0.03;0.04;0.64;0.68;;;;;0.36;2.81;3.18;;;258.08;36.16;294.25;40;29;77.48;31.75;5.86;2.81;4.36;0.36;3.82;0.013;0.02;0.0016;0.0017;0.04;0.0002;0.0034;0.015;0.032;0.001;0.002;0.004;0.006;0.00078;0.00049;0.00001;0.00038;0.42;0.02
BM190206 ;6.1;7.1;0.2;17.2;0.08;46.43;0.10;9.11;2.70;5.11;1.68;1.64;0.13;13.58;0.08;0.03;2.62;8.90;0.01;0.74;0.22;0.03;0.04;0.38;0.43;;;;;0.34;;;;;170.08;7.08;177.17;71;36;99.36;42.45;9.47;4.46;7.38;0.36;2.36;0.009;0.02;0.0009;0.0023;0.04;0.0003;0.0010;0.022;0.050;0.001;0.002;0.003;0.005;0.00064;0.00033;0.00001;0.00032;0.37;0.02
BM190313;6.2;7.1;0.2;19.0;0.08;52.48;0.10;9.36;1.90;4.49;1.37;1.10;2.01;12.35;0.15;0.10;3.99;11.95;0.01;0.19;0.13;0.03;0.05;0.01;0.05;;;;;0.41;;;;;185.50;22.69;208.19;80;46;125.23;47.88;7.60;3.40;5.51;0.40;1.57;0.000;0.02;0.0022;0.0017;0.04;0.0002;0.0002;0.012;0.039;0.001;0.002;0.002;0.003;0.00038;0.00024;0.00001;0.00021;0.21;0.01
BM190413;6.0;6.1;0.3;16.6;0.08;44.16;0.10;6.04;2.10;4.84;1.81;3.56;2.88;9.81;0.12;0.11;4.71;7.15;0.01;3.04;0.24;0.03;0.07;0.01;0.07;;;;;0.58;;;;;82.86;19.36;102.24;59;23;107.88;42.06;6.56;2.98;5.85;0.36;2.19;0.000;0.02;0.0004;0.0016;0.03;0.0001;0.0002;0.009;0.030;0.001;0.002;0.002;0.003;0.00042;0.00027;0.00003;0.00020;0.22;0.01
BM190518;5.6;4.7;0.6;14.9;0.08;41.32;0.10;6.97;2.10;6.90;4.93;1.18;1.64;11.77;0.13;0.18;4.53;2.19;0.01;0.29;0.11;0.03;0.10;;;;;;;0.44;;;;;188.17;15.55;203.74;52;;75.85;31.22;7.23;3.36;4.39;0.58;4.63;0.003;0.03;0.0004;0.0021;0.04;0.0001;0.0002;0.009;0.035;0.001;0.002;0.003;0.006;0.00078;0.00048;0.00004;0.00041;0.45;0.09
BM190616;6.0;6.4;0.2;13.1;0.08;54.13;0.10;7.44;1.80;3.41;1.74;2.63;4.35;9.10;0.15;0.29;6.04;2.11;0.01;0.03;0.03;;0.06;;;;;;;0.66;;;;;62.68;11.00;73.68;86;65;133.25;50.53;8.30;3.79;6.22;0.36;1.32;0.000;0.02;0.0004;0.0018;0.03;0.0001;0.0002;0.012;0.039;0.001;0.002;0.001;0.002;0.00026;0.00017;0.00002;0.00011;0.16;0.01
BM190707;6.3;6.6;0.1;10.0;0.08;54.43;0.10;11.48;2.90;6.23;1.56;2.86;11.85;19.02;0.23;0.16;4.79;12.25;0.01;0.48;0.03;;0.05;;;;;;;0.73;;;;;111.48;14.74;126.22;;37;126.12;53.70;11.05;5.14;8.26;0.45;1.80;0.000;0.03;0.0004;0.0024;0.03;0.0003;0.0002;0.015;0.050;0.001;0.002;0.002;0.003;0.00045;0.00032;0.00003;0.00022;0.24;0.01
BM190817;6.2;7.3;0.1;10.5;0.08;56.59;0.10;11.21;3.50;7.21;1.49;2.75;1.07;20.07;0.18;0.03;5.11;12.37;0.01;0.03;0.03;;0.07;;;;;;;0.57;;;;;66.82;30.11;96.91;122;67;128.96;56.25;11.70;5.46;9.32;0.38;1.17;0.002;0.03;0.0004;0.0023;0.03;0.0001;0.0002;0.015;0.056;0.001;0.002;0.003;0.006;0.00063;0.00032;0.00004;0.00030;0.32;0.01
BM190908;6.3;7.8;0.1;14.6;0.08;67.62;0.10;15.39;2.80;6.65;1.98;1.15;7.55;16.40;0.15;0.13;2.75;2.81;0.41;0.03;0.03;;;;;;;;;;;;;;84.84;11.01;95.91;123;92;;;;;;;;0.006;0.02;0.0004;0.0022;0.03;0.0003;0.0002;0.014;0.044;0.001;0.002;0.002;0.002;0.00030;0.00180;0.00003;0.00011;0.00;0.01
BM191005;6.1;17.3;0.0;15.4;0.08;58.81;0.10;15.51;3.10;6.61;2.29;1.82;3.09;21.78;0.16;1.02;6.47;11.98;1.07;0.23;0.42;;;;;;;;;;;;;;139.38;13.89;153.28;121;;;;;;;;;0.008;0.02;0.0017;0.0021;0.03;0.0001;0.0002;0.016;0.042;0.001;0.002;0.001;0.002;0.00030;0.00180;0.00002;0.00015;0.00;0.01
BM191109 ;6.7;19.6;0.0;18.8;0.08;70.57;0.10;10.55;3.60;6.63;2.07;2.48;1.04;9.79;0.18;0.03;4.26;9.72;0.01;0.40;0.22;;;;;;;;;;;;;;93.17;13.90;107.07;127;76;;;;;;;;;;;;;;;;;;;;;;;;;;
BM191109  R乇UA;;;;;0.08;89.70;0.14;20.89;5.60;25.69;2.12;1.89;0.84;40.92;0.70;0.03;40.38;4.31;0.01;0.44;0.03;;;;;;;;;;;;;;;;;;;;;;;;;;;;;;;;;;;;;;;;;;;;
BM191215;6.1;6.7;0.3;17.9;0.08;4.00;1.90;6.31;2.60;5.69;1.59;3.35;1.03;8.73;0.15;0.03;4.38;1.93;0.01;2.03;0.20;;;;;;;;;;;;;;302.73;12.89;315.64;;;;;;;;;;;;;;;;;;;;;;;;;;;;
BM200127;6.4;7.4;0.2;17.5;0.13;43.94;0.30;6.71;1.80;5.11;1.66;3.28;1.19;8.78;0.18;0.03;2.08;6.70;0.01;0.29;0.12;;;;;;;;;;;;;;;;;47;;;;;;;;;;;;;;;;;;;;;;;;;;;
BM200219;6.3;5.4;0.5;18.1;;;;;;;;;;;;;;;;;;;;;;;;;;;;;;;;;;38.9;;;;;;;;;;;;;;;;;;;;;;;;;;;
SB180506;6.3;13.6;0.2;17.0;0.08;62.17;0.14;8.23;8.06;9.12;2.58;3.17;1.10;17.97;0.19;0.11;18.47;17.61;0.01;1.18;0.14;0.03;0.05;11.49;11.54;;;;;0.85;2.60;3.44;;2.86;109.17;24.39;133.58;172;61;127.66;60.46;25.77;8.85;7.59;0.11;0.78;0.001;0.06;0.0041;0.0041;0.02;0.0009;0.0012;0.010;0.164;0.004;0.006;0.002;0.001;0.00032;0.00020;0.00005;0.00011;0.21;0.01
SB180527;6.4;12.9;0.3;17.2;0.08;67.55;0.14;8.69;8.49;12.61;2.85;2.30;0.97;19.39;0.31;0.03;17.29;9.45;0.01;0.60;0.28;0.03;0.01;10.68;10.68;;;;;0.70;3.07;3.77;;;111.25;43.81;155.00;105;63;120.35;54.37;26.95;8.85;7.39;0.07;1.41;0.001;0.06;0.0031;0.0046;0.02;0.0002;0.0014;0.012;0.184;0.005;0.031;0.003;0.002;0.00055;0.00029;0.00003;0.00013;0.29;0.07
SB180630 ;6.4;15.0;0.2;16.5;0.08;80.36;0.14;10.28;9.53;15.47;2.59;0.60;0.13;22.41;0.07;0.03;16.83;11.47;0.01;1.83;0.45;1.49;0.05;14.73;16.27;;;;;1.09;4.26;5.35;;;70.60;48.77;119.33;323;87;151.68;65.68;30.49;9.94;8.22;0.02;0.61;0.000;0.07;0.0021;0.0048;0.02;0.0004;0.0009;0.013;0.211;0.005;0.008;0.002;0.001;0.00031;0.00016;0.00002;0.00006;0.16;0.01
SB180801 ;6.3;18.9;0.1;16.7;0.08;90.05;0.14;11.83;7.04;20.34;2.75;3.05;0.84;28.53;0.07;0.03;21.24;13.80;0.01;2.45;0.35;0.03;0.05;17.72;17.77;;;;;1.50;1.06;2.56;;;72.20;39.98;112.17;129;55;152.63;71.28;34.36;12.18;9.85;0.06;0.38;0.001;0.08;0.0018;0.0051;0.02;0.0008;0.0013;0.014;0.242;0.005;0.014;0.001;0.001;0.00027;0.00021;0.00004;0.00012;0.13;0.01
SB180901;7.4;16.2;0.1;16.9;0.08;71.94;5.90;10.23;6.57;13.79;2.52;3.34;2.34;26.19;0.25;0.10;16.57;21.50;0.01;2.00;0.19;0.03;0.01;8.16;8.17;-6.45;16.27;2.69;18.96;0.98;1.41;2.39;;;124.06;10.50;134.56;;85;78.55;43.19;21.58;7.61;5.37;0.02;0.54;0.000;0.04;0.0008;0.0026;0.01;0.0010;0.0002;0.007;0.124;0.003;0.005;0.001;0.000;0.00018;0.00067;0.00001;0.00005;0.09;0.01
SB180930;6.2;15.1;0.2;18.9;0.08;62.64;2.49;10.00;7.13;17.85;2.74;2.36;0.86;22.69;0.12;0.07;17.54;21.63;0.17;1.59;0.32;0.03;0.02;9.22;9.25;;;;;0.74;1.43;2.17;;;206.75;2.82;209.58;154;80;108.72;60.40;32.65;11.14;7.63;0.09;1.51;0.004;0.06;0.0041;0.0053;0.02;0.0003;0.0015;0.018;0.191;0.004;0.097;0.004;0.002;0.00071;0.00033;0.00001;0.00025;0.36;0.04
SB181102 ;7.0;12.9;0.3;18.7;0.08;62.94;0.14;9.17;7.93;17.77;2.42;1.78;0.13;17.98;0.38;0.03;11.82;10.17;0.01;1.24;0.03;0.03;0.04;7.44;7.48;;;;;0.90;1.34;2.24;;;198.83;6.72;205.58;84;36;115.15;56.30;28.52;9.87;7.95;0.10;1.70;0.003;0.05;0.0033;0.0040;0.02;0.0003;0.0012;0.017;0.161;0.003;0.002;0.004;0.002;0.00071;0.00040;0.00001;0.00032;0.41;0.01
SB181203;6.2;11.7;1.6;18.7;0.08;49.96;0.55;8.73;6.84;12.08;2.29;2.94;0.90;17.58;0.27;0.03;9.10;7.47;0.23;1.15;0.28;0.03;0.07;7.86;7.93;;;;;0.66;2.42;3.08;;;293.81;17.98;311.81;70;37;83.94;45.18;24.43;8.75;6.92;0.44;3.49;0.006;0.05;0.0031;0.0037;0.02;0.0004;0.0020;0.018;0.145;0.003;0.002;0.008;0.006;0.00142;0.00069;0.00001;0.00057;0.77;0.01
SB190107 ;7.1;20.7;0.8;20.8;0.08;66.56;0.14;19.07;10.89;32.74;3.16;1.71;1.34;20.74;0.70;0.14;0.79;7.73;0.01;1.15;0.03;0.03;0.03;0.01;0.03;;;;;0.34;2.96;3.30;;;234.08;82.42;316.50;167;160;109.47;54.20;57.28;16.54;14.67;1.51;1.67;3.285;0.08;0.0044;0.0057;0.02;0.0010;0.0036;0.031;0.254;0.005;0.002;0.012;0.012;0.00206;0.00086;0.00001;0.00076;1.12;0.01
SB190207 ;6.5;11.4;1.3;19.1;0.08;38.90;0.14;10.19;6.37;26.22;2.68;3.23;1.21;16.87;0.07;0.03;6.11;6.02;0.01;1.33;0.21;0.12;0.10;1.97;2.20;;;;;0.35;;;;;395.17;3.28;398.50;106;55;60.05;33.29;31.22;9.29;6.00;4.20;4.10;0.955;0.05;0.0060;0.0042;0.03;0.0014;0.0044;0.021;0.145;0.002;;0.018;0.023;0.00319;0.00173;0.00020;0.00121;1.68;0.03
SB190312;6.6;16.1;0.2;20.8;0.08;56.18;0.14;13.56;7.20;20.83;2.71;3.04;2.11;23.28;0.16;0.11;12.33;18.57;0.01;0.48;0.18;0.03;0.07;7.86;7.93;;;;;0.66;;;;;234.25;42.69;276.92;114;83;107.42;53.30;38.28;11.86;10.87;2.89;1.79;0.445;0.06;0.0047;0.0050;0.03;0.0007;0.0029;0.027;0.182;0.003;0.002;0.010;0.015;0.00177;0.00086;0.00013;0.00051;0.91;0.04
SB190414;6.6;14.2;0.7;19.8;0.08;61.70;0.14;10.31;6.59;19.97;3.01;1.30;1.53;17.90;0.45;0.13;7.26;17.06;0.01;0.03;0.11;0.28;0.08;4.75;5.11;;;;;0.69;;;;;174.08;2.34;176.50;;40;123.49;55.05;33.13;10.16;8.32;2.23;1.43;0.223;0.06;0.0022;0.0047;0.02;0.0005;0.0016;0.011;0.160;0.003;0.002;0.005;0.010;0.00108;0.00070;0.00006;0.00059;0.60;0.01
SB190519;6.3;9.8;2.1;17.0;0.08;45.09;0.14;7.97;6.16;15.99;2.36;1.11;0.99;15.10;0.34;0.03;7.66;15.99;0.01;0.25;0.11;0.03;0.12;;;;;;;0.62;;;;;268.01;23.87;291.91;70;;85.90;40.51;23.51;7.74;6.32;1.00;2.69;0.100;0.04;0.0026;0.0037;0.02;0.0004;0.0002;0.010;0.112;0.002;0.002;0.008;0.011;0.00156;0.00083;0.00010;0.00066;0.76;0.01
SB190615;6.4;15.7;0.3;17.2;0.08;75.41;0.14;16.43;7.22;17.65;3.12;1.60;1.65;22.79;0.20;0.22;11.61;19.90;0.17;0.23;0.20;;0.07;;;;;;;1.46;;;;;72.22;12.70;84.92;155;105;152.87;66.82;41.69;12.55;10.16;0.35;0.50;0.091;0.07;0.0017;0.0055;0.01;0.0005;0.0009;0.013;0.196;0.002;0.002;0.002;0.003;0.00040;0.00030;0.00003;0.00019;0.22;0.01
SB190704;6.6;17.1;0.2;17.3;0.08;80.22;0.14;13.70;7.62;22.45;2.97;2.00;1.69;22.30;0.26;0.09;10.15;20.87;0.19;0.03;0.13;;0.06;;;;;;;1.65;;;;;49.91;12.79;62.70;;102;169.41;76.13;48.80;14.56;11.46;0.17;0.40;0.049;0.08;0.0019;0.0061;0.01;0.0005;0.0065;0.015;0.227;0.002;0.002;0.002;0.003;0.00037;0.00034;0.00002;0.00019;0.17;0.01
SB190818;6.1;45.8;0.3;14.7;0.08;72.04;0.14;13.84;9.38;29.80;3.04;1.15;0.96;32.89;1.03;0.17;3.66;25.63;0.01;0.98;0.11;;0.09;;;;;;;0.66;;;;;70.93;12.26;83.18;134;116;125.36;65.38;43.48;13.02;11.71;0.67;0.50;0.048;0.07;0.0180;0.0060;0.02;0.0005;0.0026;0.016;0.201;0.001;0.013;0.003;0.004;0.00050;0.00044;0.00004;0.00026;0.31;0.01
SB190907;6.5;13.9;0.4;15.7;0.08;59.78;0.14;11.77;7.59;25.21;2.77;1.49;1.81;26.09;0.19;0.03;9.85;23.16;0.34;0.68;0.15;;;;;;;;;;;;;;142.98;27.25;170.24;160;102;;;;;;;;0.054;0.05;0.0043;0.0046;0.01;0.0002;0.0002;0.012;0.146;0.002;0.002;0.007;0.008;0.00125;0.00069;0.00008;0.00057;0.00;0.01
SB191006;6.7;37.6;0.1;18.2;0.08;73.75;0.14;13.73;7.34;22.32;2.87;0.99;1.44;25.38;0.28;0.03;13.10;23.65;0.28;0.16;0.14;;;;;;;;;;;;;;223.47;10.74;234.21;147;119;;;;;;;;0.028;0.06;0.0024;0.0052;0.01;0.0002;0.0002;0.015;0.186;0.002;0.002;0.002;0.003;0.00044;0.00031;0.00003;0.00020;0.00;0.01
SB191110 ;6.8;39.5;0.1;20.1;0.08;75.23;0.14;14.15;11.85;25.36;3.70;3.58;3.66;24.54;0.49;0.03;15.73;15.45;0.65;2.53;0.03;;;;;;;;;;;;;;73.68;15.41;89.09;131;123;;;;;;;;;;;;;;;;;;;;;;;;;;
SB191216;6.5;15.3;0.5;20.5;0.08;63.91;0.98;16.23;4.99;11.17;3.74;4.45;3.08;28.16;0.29;0.23;12.61;18.96;0.01;2.38;0.66;;;;;;;;;;;;;;149.81;11.75;161.58;112;;;;;;;;;;;;;;;;;;;;;;;;;;;
CS191207;;;;;0.08;17.54;0.42;1.05;1.98;6.50;0.63;3.77;1.54;4.39;0.07;0.03;4.00;0.93;0.01;1.01;0.21;;;;;;;;;;;;;;;;;;;;;;;;;;;;;;;;;;;;;;;;;;;;
SB200128;6.0;6.4;1.7;21.3;0.08;57.88;0.14;9.83;7.90;10.63;3.12;1.72;0.13;16.94;0.14;0.08;8.14;17.92;0.01;1.31;0.18;;;;;;;;;;;;;;;;;58;;;;;;;;;;;;;;;;;;;;;;;;;;;
SB200218;6.7;8.0;0.2;21.3;;;;;;;;;;;;;;;;;;;;;;;;;;;;;;;;;;69;;;;;;;;;;;;;;;;;;;;;;;;;;;
SM180503;5.8;6.8;0.7;15.3;0.08;22.83;0.10;2.94;7.10;10.13;0.48;1.89;1.07;10.15;0.20;0.10;8.05;10.91;0.01;0.28;0.28;0.03;0.04;6.01;6.05;;;;;0.19;1.92;2.11;;2.16;;;22.62;115;23;75.84;23.05;11.23;10.78;3.32;0.26;1.48;0.008;0.03;0.0055;0.0021;0.01;0.001;0.004;0.004;0.055;0.003;0.063;0.000;0.000;0.00006;0.00003;0.01974;0.00002;0.03;0.06
SM180702 ;6.4;6.9;0.2;14.3;0.08;25.87;0.10;3.89;9.90;12.96;0.56;0.06;0.13;69.80;1.85;0.03;10.57;17.95;0.01;0.38;0.03;2.08;0.05;6.49;8.62;;;;;0.38;3.22;3.61;;;106.83;23.49;130.31;;3;79.12;20.23;11.73;11.59;3.13;0.21;0.55;0.007;0.03;0.0017;0.0020;0.01;0.000;0.004;0.004;0.060;0.002;0.009;0.000;0.000;0.00005;0.00007;0.00001;0.00002;0.04;0.01
SM180803;7.1;11.9;0.4;14.3;0.08;33.21;0.70;8.87;8.80;12.49;0.41;2.60;0.76;30.89;0.08;0.03;19.54;6.77;0.01;0.75;0.64;0.03;0.12;16.13;16.24;;;;;0.47;1.22;1.69;;;101.75;51.18;152.92;64;21;68.72;26.53;16.47;17.36;8.03;1.52;1.70;0.025;0.05;0.0031;0.0034;0.02;0.000;0.002;0.008;0.082;0.002;0.012;0.000;0.001;0.00009;0.00027;0.00003;0.00006;0.05;0.01
SM180831 ;6.3;8.9;0.3;13.7;0.08;24.23;0.30;5.70;6.70;12.90;0.34;2.22;2.01;13.22;0.08;0.03;7.90;6.52;0.01;0.87;0.03;0.03;0.06;6.25;6.31;8.67;16.95;;;0.44;0.83;1.27;;;234.81;36.55;271.36;;16;69.37;22.59;13.38;14.18;4.51;0.51;2.73;0.066;0.00;0.0066;0.0076;0.00;0.000;0.002;0.013;0.006;0.002;;0.000;0.000;0.00000;0.00001;0.00001;0.00002;0.02;0.19
SM181001;7.4;11.0;0.1;18.1;0.08;33.35;0.70;7.69;6.70;13.38;0.35;2.84;0.99;20.92;0.14;0.03;8.34;1.44;0.01;0.63;0.15;0.03;0.07;6.88;6.95;;;;;0.58;1.65;2.23;;;254.50;27.60;282.08;;42;83.30;26.15;17.08;17.72;6.25;0.69;2.05;0.020;0.03;0.0046;0.0053;0.01;0.000;0.015;0.009;0.069;0.002;0.023;0.000;0.001;0.00007;0.00007;0.00000;0.00013;0.06;0.06
SM181101;6.1;9.0;0.4;17.5;0.08;21.03;1.00;6.21;7.10;8.07;0.34;1.91;2.85;11.94;0.25;0.03;6.86;4.92;0.01;0.61;0.35;0.03;0.08;3.60;3.68;;;;;0.32;1.57;1.90;;;253.75;7.85;261.58;;36;67.71;21.63;12.06;12.22;3.98;0.41;2.24;0.013;0.02;0.0025;0.0050;0.01;0.000;0.003;0.006;0.052;0.001;0.002;0.000;0.001;0.00007;0.00005;0.00001;0.00006;0.06;0.05
SM181203;5.7;8.9;12.3;16.5;0.08;20.74;1.20;5.29;6.90;12.26;0.25;2.22;2.28;12.44;0.23;0.03;7.03;2.90;0.01;1.00;0.83;0.03;0.11;5.61;5.72;;;;;0.50;1.40;1.90;;;208.38;3.30;211.67;;1;40.99;17.98;12.27;10.79;4.57;0.63;6.19;0.033;0.03;0.0055;0.0034;0.01;0.000;0.005;0.007;0.052;0.002;0.064;0.001;0.001;0.00014;0.00020;0.00000;0.00019;0.14;0.06
SM190108 ;6.4;8.3;0.5;13.8;0.08;19.04;1.50;8.24;4.90;5.16;0.41;1.65;2.04;14.64;0.29;0.08;5.80;6.37;0.01;0.39;0.69;1.37;0.03;8.51;9.91;;;;;0.25;3.22;3.47;;;432.67;1.26;433.92;;29;69.82;18.84;9.35;10.29;2.66;0.24;1.05;0.009;0.02;0.0013;0.0037;0.01;0.000;0.006;0.004;0.041;0.001;0.002;0.000;0.000;0.00007;0.00001;0.00000;0.00006;0.03;0.01
SM190211;6.1;10.5;0.4;18.0;0.08;27.06;0.10;10.87;6.50;10.86;0.40;2.09;0.82;26.53;0.39;0.08;9.00;6.25;0.01;0.69;0.03;0.03;0.14;7.58;7.72;;;;;0.40;;;;;107.17;41.23;148.42;81;38;69.70;23.24;13.57;14.24;8.14;0.45;2.01;0.017;0.04;0.0047;0.0115;0.01;0.000;0.003;0.012;0.060;0.002;0.002;0.000;0.001;0.00007;0.00011;0.00002;0.00006;0.07;0.10
SM190311;7.4;10.9;0.3;20.5;0.08;11.48;0.10;3.45;4.70;8.23;0.33;1.39;0.88;10.89;0.15;0.09;7.26;0.57;0.01;0.03;0.11;0.03;0.09;13.16;13.25;;;;;0.58;;;;;222.33;13.84;236.17;;24;41.87;13.21;9.96;9.93;3.69;0.46;1.47;0.003;0.02;0.0012;0.0018;0.01;0.000;0.000;0.004;0.035;0.001;0.076;0.000;0.001;0.00009;0.00006;0.00002;0.00007;0.04;0.01
SM190409;5.3;8.6;0.3;16.5;0.08;15.44;0.10;2.80;4.60;5.39;0.40;2.10;0.13;6.08;0.25;0.32;4.42;0.60;0.01;0.03;0.14;3.91;0.06;6.07;10.04;;;;;0.55;;;;;165.69;10.40;176.09;;29;66.65;18.31;10.17;10.25;2.79;0.22;1.01;0.000;0.02;0.0004;0.0016;0.01;0.000;0.000;0.003;0.038;0.001;0.002;0.000;0.000;0.00007;0.00007;0.00002;0.00002;0.04;0.01
SM190514;5.1;9.0;0.2;17.9;0.08;21.88;0.10;3.99;7.10;7.34;0.41;1.14;1.94;10.76;0.52;0.12;3.32;5.30;0.85;0.14;0.12;;0.08;;;;;;;0.58;;;;;64.40;10.35;74.75;;29;60.00;16.66;10.05;10.02;2.74;0.25;1.03;0.000;0.02;0.0009;0.0017;0.01;0.000;0.000;0.003;0.038;0.001;0.002;0.000;0.001;0.00008;0.00010;0.00002;0.00004;0.04;0.01
SM190617;6.2;9.1;0.2;14.8;0.08;20.75;0.10;3.29;7.40;6.76;0.31;1.71;3.09;7.88;0.23;0.17;8.26;14.26;0.01;0.03;0.12;;0.04;;;;;;;0.58;;;;;98.38;14.56;112.93;;34;83.21;21.88;12.12;13.00;3.51;0.35;1.16;0.000;0.03;0.0004;0.0021;0.01;0.000;0.000;0.003;0.046;0.001;0.002;0.000;0.000;0.00007;0.00009;0.00001;0.00002;0.03;0.01
SM190709;6.5;7.2;0.2;12.2;0.08;26.61;0.10;5.12;6.70;9.18;0.35;2.09;1.03;11.23;0.16;0.12;10.43;14.48;0.01;0.03;0.13;;0.05;;;;;;;0.82;;;;;62.14;26.12;88.25;123;92;91.81;24.94;13.62;13.98;4.29;0.47;0.85;0.002;0.03;0.0021;0.0018;0.01;0.000;0.000;0.004;0.050;0.001;0.002;0.000;0.001;0.00007;0.00008;0.00002;0.00006;0.04;0.01
SM190808;6.3;12.3;0.1;14.5;0.08;35.14;0.90;13.89;10.90;16.27;0.35;1.70;1.84;33.58;0.34;0.14;10.96;8.56;0.25;0.43;0.11;;0.12;;;;;;;0.62;;;;;186.72;9.97;196.69;117;107;32.74;29.06;18.34;19.07;7.36;0.61;2.13;0.001;0.04;0.0014;0.0033;0.01;0.000;0.000;0.007;0.070;0.001;0.002;0.000;0.001;0.00016;0.00017;0.00003;0.00010;0.07;0.01
SM190906;6.2;12.5;0.3;15.5;0.08;12.63;3.90;5.03;5.00;5.94;1.77;2.82;3.01;11.85;0.32;0.03;7.94;1.44;0.01;0.87;0.18;;;;;;;;;;;;;;;;;;;;;;;;0.49;1.84;0.01;;;;;;;;;;;;;;;;;;
SM191008;6.4;11.0;0.1;14.2;0.08;69.77;3.10;22.54;6.30;11.08;0.58;3.60;0.13;40.30;0.35;0.03;12.87;17.19;0.01;2.45;0.03;;;;;;;;;;;;;;;;;;;;;;;;;;;;;;;;;;;;;;;;;;;;
SM191112;6.5;10.0;0.7;20.1;0.08;22.05;1.90;8.89;6.60;9.96;1.88;3.39;0.96;17.54;0.29;0.07;7.96;7.83;0.01;1.03;0.36;;;;;;;;;;;;;;;;;;;;;;;;;;;;;;;;;;;;;;;;;;;;
SM191214;6.5;8.0;0.9;21.0;0.08;14.23;2.90;8.54;2.00;4.34;4.96;3.56;2.37;14.72;0.32;0.03;3.32;10.90;0.01;0.03;0.47;;;;;;;;;;;;;;;;;;;;;;;;;;;;;;;;;;;;;;;;;;;;
SM200121 ;6.0;6.4;1.7;16.8;0.08;20.28;0.14;3.87;7.94;9.05;0.32;3.47;1.00;9.41;0.12;0.03;6.55;0.87;0.01;0.60;0.13;;;;;;;;;;;;;;;;;;;;;;;;;;;;;;;;;;;;;;;;;;;;
SM200121 (PONTE);6.9;6.6;1.7;17.9;0.08;20.46;4.96;3.84;7.67;8.48;0.28;1.15;0.79;36.30;0.07;0.03;22.92;1.31;0.01;0.39;0.24;;;;;;;;;;;;;;;;;;;;;;;;;;;;;;;;;;;;;;;;;;;;
SM200122 (18:00);6.1;6.6;1.5;18.3;0.08;20.81;8.28;4.40;7.79;10.66;0.31;3.99;0.99;42.83;0.07;0.03;21.95;1.33;0.01;1.77;0.45;;;;;;;;;;;;;;;;;;;;;;;;;;;;;;;;;;;;;;;;;;;;
SM200122 (20:00);6.2;6.8;2.1;18.3;0.08;20.47;0.74;4.94;7.18;7.45;0.27;2.04;0.85;10.48;0.07;0.03;19.33;1.09;0.01;0.28;0.28;;;;;;;;;;;;;;;;;;;;;;;;;;;;;;;;;;;;;;;;;;;;
SM200122 (22:00);6.7;7.0;10.0;18.1;0.08;20.60;3.12;7.28;8.14;9.34;0.32;2.59;0.86;36.67;0.07;0.03;21.02;1.40;0.01;0.88;0.30;;;;;;;;;;;;;;;;;;;;;;;;;;;;;;;;;;;;;;;;;;;;
SM200123 (5:30);6.2;7.0;6.6;17.6;0.08;20.48;0.14;4.80;6.40;9.86;0.24;2.41;1.18;34.49;0.07;0.03;18.85;1.30;0.01;0.27;0.12;;;;;;;;;;;;;;;;;;;;;;;;;;;;;;;;;;;;;;;;;;;;
SM200124 (15:30);5.6;6.9;48.2;17.9;0.08;17.46;0.14;7.15;8.51;10.86;0.23;2.25;1.12;9.42;0.07;0.03;5.92;1.13;0.01;0.32;0.12;;;;;;;;;;;;;;;;;;;;;;;;;;;;;;;;;;;;;;;;;;;;
SM200124 (9:30);6.0;6.6;16.4;17.8;0.08;19.23;0.96;5.52;7.69;17.82;1.92;6.16;0.13;34.86;0.24;0.03;19.08;2.04;0.01;1.99;0.21;;;;;;;;;;;;;;;;;;;;;;;;;;;;;;;;;;;;;;;;;;;;
SM200125 (16:30);6.0;6.4;18.6;18.3;0.08;20.54;0.14;4.68;6.03;7.29;0.21;3.39;0.94;33.97;0.23;0.03;19.18;1.11;0.01;0.03;0.11;;;;;;;;;;;;;;;;;;;;;;;;;;;;;;;;;;;;;;;;;;;;
SM200218;6.8;7.0;1.4;23.2;;;;;;;;;;;;;;;;;;;;;;;;;;;;;;;;;;;;;;;;;;;;;;;;;;;;;;;;;;;;;
