,data,altitude,campanha,chuva_gdas,evt_id,evt_soma_chuva,evt_media_chuva,evt_max_chuva,direcao,velocidade,direcao_cat,velocidade_cat,evt_soma_chuva_cat
11,2018-08-01 19:00:00,2391,PS180901 - PP1,0.0,225,6.4,1.0667,2.2,285.4992754,25.43912341,WNW,20-30 km/h,5-20 mm
12,2018-08-01 22:00:00,2391,PS180901 - PP1,0.0,225,6.4,1.0667,2.2,279.7333824,28.63418525,W,20-30 km/h,5-20 mm
13,2018-08-02 02:00:00,2391,PS180901 - PP1,0.0,225,6.4,1.0667,2.2,274.304469,28.81828826,W,20-30 km/h,5-20 mm
14,2018-08-02 01:00:00,2391,PS180901 - PP1,0.0,225,6.4,1.0667,2.2,272.6025622,27.22007641,W,20-30 km/h,5-20 mm
15,2018-08-02 04:00:00,2391,PS180901 - PP1,0.1,226,8.0,1.3333,4.0,276.1218854,32.83826739,W,30-40 km/h,5-20 mm
16,2018-08-02 07:00:00,2391,PS180901 - PP1,0.0,226,8.0,1.3333,4.0,270.2960996,39.8615323,W,30-40 km/h,5-20 mm
17,2018-08-03 19:00:00,2391,PS180901 - PP1,0.0,230,30.8,1.925,6.2,333.2726383,16.26030436,NNW,10-20 km/h,20-35 mm
18,2018-08-03 22:00:00,2391,PS180901 - PP1,0.0,230,30.8,1.925,6.2,338.962489,20.0847359,NNW,20-30 km/h,20-35 mm
19,2018-08-04 02:00:00,2391,PS180901 - PP1,0.0,230,30.8,1.925,6.2,292.2905825,35.84459195,WNW,30-40 km/h,20-35 mm
20,2018-08-04 01:00:00,2391,PS180901 - PP1,0.0,230,30.8,1.925,6.2,304.5483671,30.51304377,NW,30-40 km/h,20-35 mm
21,2018-08-04 04:00:00,2391,PS180901 - PP1,0.0,230,30.8,1.925,6.2,280.3867142,45.1325738,W,40-50 km/h,20-35 mm
22,2018-08-04 07:00:00,2391,PS180901 - PP1,0.0,230,30.8,1.925,6.2,272.434185,50.92795394,W,50-60 km/h,20-35 mm
23,2018-08-04 10:00:00,2391,PS180901 - PP1,0.0,230,30.8,1.925,6.2,271.4878675,47.60204924,W,40-50 km/h,20-35 mm
24,2018-08-06 22:00:00,2391,PS180901 - PP1,0.7,234,18.2,2.6,7.0,302.9659215,38.42576482,WNW,30-40 km/h,5-20 mm
25,2018-08-07 02:00:00,2391,PS180901 - PP1,0.6,234,18.2,2.6,7.0,291.3457866,38.48397589,WNW,30-40 km/h,5-20 mm
26,2018-08-07 01:00:00,2391,PS180901 - PP1,0.6,234,18.2,2.6,7.0,291.4477363,37.18285734,WNW,30-40 km/h,5-20 mm
27,2018-08-07 04:00:00,2391,PS180901 - PP1,0.6,234,18.2,2.6,7.0,291.1485688,41.9665281,WNW,40-50 km/h,5-20 mm
28,2018-08-17 19:00:00,2391,PS180901 - PP1,0.0,242,27.8,3.9714,7.8,230.8394923,12.88529588,SW,10-20 km/h,20-35 mm
29,2018-08-17 22:00:00,2391,PS180901 - PP1,0.0,242,27.8,3.9714,7.8,204.9439053,9.769266298,SSW,0-10 km/h,20-35 mm
30,2018-08-18 02:00:00,2391,PS180901 - PP1,0.0,242,27.8,3.9714,7.8,164.3204759,6.097913168,SSE,0-10 km/h,20-35 mm
31,2018-08-18 01:00:00,2391,PS180901 - PP1,0.0,242,27.8,3.9714,7.8,181.762391,6.698168481,S,0-10 km/h,20-35 mm
32,2018-08-26 13:00:00,2391,PS180901 - PP1,0.0,245,17.2,1.4333,2.8,295.3993096,15.84895243,WNW,10-20 km/h,5-20 mm
33,2018-08-26 19:00:00,2391,PS180901 - PP1,0.0,245,17.2,1.4333,2.8,300.9637565,24.62410985,WNW,20-30 km/h,5-20 mm
34,2018-08-26 22:00:00,2391,PS180901 - PP1,0.0,245,17.2,1.4333,2.8,293.9868702,24.57645615,WNW,20-30 km/h,5-20 mm
35,2018-08-27 02:00:00,2391,PS180901 - PP1,0.0,245,17.2,1.4333,2.8,289.4255552,22.60797209,WNW,20-30 km/h,5-20 mm
36,2018-08-27 01:00:00,2391,PS180901 - PP1,0.0,245,17.2,1.4333,2.8,288.9850972,23.74568889,WNW,20-30 km/h,5-20 mm
37,2018-09-04 02:00:00,2391,PS181001 - PP1,0.0,250,5.0,2.5,2.8,322.1934701,45.36726172,NW,40-50 km/h,5-20 mm
38,2018-09-04 04:00:00,2391,PS181001 - PP1,0.1,250,5.0,2.5,2.8,316.8933858,52.90491503,NW,50-60 km/h,5-20 mm
39,2018-09-14 22:00:00,2391,PS181001 - PP1,0.2,261,32.6,2.7167,8.6,323.1301024,42.745,NW,40-50 km/h,20-35 mm
40,2018-09-15 02:00:00,2391,PS181001 - PP1,0.0,261,32.6,2.7167,8.6,318.9206825,46.86782958,NW,40-50 km/h,20-35 mm
41,2018-09-15 01:00:00,2391,PS181001 - PP1,0.0,261,32.6,2.7167,8.6,327.1071,47.22592121,NNW,40-50 km/h,20-35 mm
42,2018-09-15 04:00:00,2391,PS181001 - PP1,3.9,261,32.6,2.7167,8.6,300.1116867,49.88965314,WNW,40-50 km/h,20-35 mm
43,2018-09-15 07:00:00,2391,PS181001 - PP1,2.8,261,32.6,2.7167,8.6,278.2448659,58.17831708,W,50-60 km/h,20-35 mm
44,2018-09-15 10:00:00,2391,PS181001 - PP1,0.0,261,32.6,2.7167,8.6,274.2442258,55.66966579,W,50-60 km/h,20-35 mm
45,2018-09-16 02:00:00,2391,PS181001 - PP1,0.0,263,8.2,1.3667,4.6,272.0154421,35.14474107,W,30-40 km/h,5-20 mm
46,2018-09-16 01:00:00,2391,PS181001 - PP1,0.0,263,8.2,1.3667,4.6,270.6800367,34.71344502,W,30-40 km/h,5-20 mm
47,2018-09-16 04:00:00,2391,PS181001 - PP1,0.0,263,8.2,1.3667,4.6,272.74938,36.50401957,W,30-40 km/h,5-20 mm
48,2018-09-17 19:00:00,2391,PS181001 - PP1,0.0,266,15.4,1.925,8.2,294.0713334,55.05135613,WNW,50-60 km/h,5-20 mm
49,2018-09-17 22:00:00,2391,PS181001 - PP1,0.5,266,15.4,1.925,8.2,288.230078,54.65525911,WNW,50-60 km/h,5-20 mm
50,2018-09-21 22:00:00,2391,PS181001 - PP1,0.0,276,9.6,2.4,4.6,261.2813507,32.61588964,W,30-40 km/h,5-20 mm
51,2018-09-22 01:00:00,2391,PS181001 - PP1,0.0,276,9.6,2.4,4.6,251.035775,28.20808781,WSW,20-30 km/h,5-20 mm
52,2018-09-27 22:00:00,2391,PS181001 - PP1,0.0,278,17.0,2.8333,4.6,284.5001668,18.51165333,WNW,10-20 km/h,5-20 mm
53,2018-09-28 02:00:00,2391,PS181001 - PP1,0.2,278,17.0,2.8333,4.6,300.0685828,15.82919335,WNW,10-20 km/h,5-20 mm
54,2018-09-28 01:00:00,2391,PS181001 - PP1,0.2,278,17.0,2.8333,4.6,298.3833541,14.51715485,WNW,10-20 km/h,5-20 mm
55,2018-09-28 04:00:00,2391,PS181001 - PP1,0.2,278,17.0,2.8333,4.6,295.3621669,17.55387151,WNW,10-20 km/h,5-20 mm
56,2018-10-05 07:00:00,2391,PS181102 - PP1,0.0,289,38.4,2.56,5.2,241.6450382,14.7473557,WSW,10-20 km/h,35-50 mm
57,2018-10-05 10:00:00,2391,PS181102 - PP1,0.2,289,38.4,2.56,5.2,245.3361853,11.10729765,WSW,10-20 km/h,35-50 mm
58,2018-10-05 13:00:00,2391,PS181102 - PP1,0.3,289,38.4,2.56,5.2,276.7098368,15.86768405,W,10-20 km/h,35-50 mm
59,2018-10-05 19:00:00,2391,PS181102 - PP1,0.0,289,38.4,2.56,5.2,282.6678749,23.01422006,WNW,20-30 km/h,35-50 mm
60,2018-10-05 22:00:00,2391,PS181102 - PP1,0.0,289,38.4,2.56,5.2,271.6038628,25.76009202,W,20-30 km/h,35-50 mm
61,2018-10-06 22:00:00,2391,PS181102 - PP1,0.0,290,11.0,1.8333,3.6,276.126933,18.33573587,W,10-20 km/h,5-20 mm
62,2018-10-07 02:00:00,2391,PS181102 - PP1,0.0,290,11.0,1.8333,3.6,263.14024,13.79777174,W,10-20 km/h,5-20 mm
63,2018-10-07 01:00:00,2391,PS181102 - PP1,0.0,290,11.0,1.8333,3.6,260.0557057,16.10394377,W,10-20 km/h,5-20 mm
64,2018-10-07 04:00:00,2391,PS181102 - PP1,0.0,290,11.0,1.8333,3.6,273.9259077,10.53071113,W,10-20 km/h,5-20 mm
65,2018-10-11 02:00:00,2391,PS181102 - PP1,0.9,293,12.6,2.1,6.2,188.2356193,7.909568446,S,0-10 km/h,5-20 mm
66,2018-10-11 04:00:00,2391,PS181102 - PP1,0.0,293,12.6,2.1,6.2,187.7335981,8.419580631,S,0-10 km/h,5-20 mm
67,2018-10-11 07:00:00,2391,PS181102 - PP1,0.0,293,12.6,2.1,6.2,147.4499965,5.743115966,SSE,0-10 km/h,5-20 mm
68,2018-10-11 10:00:00,2391,PS181102 - PP1,0.3,293,12.6,2.1,6.2,139.6000957,6.356860939,SE,0-10 km/h,5-20 mm
69,2018-10-11 19:00:00,2391,PS181102 - PP1,0.0,295,33.0,2.75,6.2,52.30575953,2.863696388,NE,0-10 km/h,20-35 mm
70,2018-10-11 22:00:00,2391,PS181102 - PP1,0.0,295,33.0,2.75,6.2,86.42366563,3.302431226,E,0-10 km/h,20-35 mm
71,2018-10-12 02:00:00,2391,PS181102 - PP1,0.0,295,33.0,2.75,6.2,68.45902408,4.207899832,ENE,0-10 km/h,20-35 mm
72,2018-10-12 01:00:00,2391,PS181102 - PP1,0.0,295,33.0,2.75,6.2,83.29016319,3.52615201,E,0-10 km/h,20-35 mm
73,2018-10-12 04:00:00,2391,PS181102 - PP1,0.0,295,33.0,2.75,6.2,54.92624551,5.915106254,NE,0-10 km/h,20-35 mm
74,2018-10-13 22:00:00,2391,PS181102 - PP1,0.0,296,11.0,2.75,4.8,231.1155036,20.50967698,SW,20-30 km/h,5-20 mm
75,2018-10-14 02:00:00,2391,PS181102 - PP1,0.0,296,11.0,2.75,4.8,247.3062051,18.42116918,WSW,10-20 km/h,5-20 mm
76,2018-10-14 01:00:00,2391,PS181102 - PP1,0.0,296,11.0,2.75,4.8,242.7004278,14.37283716,WSW,10-20 km/h,5-20 mm
77,2018-10-14 04:00:00,2391,PS181102 - PP1,0.5,296,11.0,2.75,4.8,249.7174409,25.25601166,WSW,20-30 km/h,5-20 mm
78,2018-10-14 19:00:00,2391,PS181102 - PP1,0.0,299,11.6,0.8923,1.8,247.6003965,32.97608982,WSW,30-40 km/h,5-20 mm
79,2018-10-14 22:00:00,2391,PS181102 - PP1,0.0,299,11.6,0.8923,1.8,247.6403058,31.40740072,WSW,30-40 km/h,5-20 mm
80,2018-10-15 02:00:00,2391,PS181102 - PP1,0.0,299,11.6,0.8923,1.8,256.7920715,31.10480627,WSW,30-40 km/h,5-20 mm
81,2018-10-15 01:00:00,2391,PS181102 - PP1,0.0,299,11.6,0.8923,1.8,257.6784094,30.89055689,WSW,30-40 km/h,5-20 mm
82,2018-10-15 04:00:00,2391,PS181102 - PP1,0.0,299,11.6,0.8923,1.8,256.0530718,32.05087925,WSW,30-40 km/h,5-20 mm
83,2018-10-19 13:00:00,2391,PS181102 - PP1,0.0,307,129.8,5.4083,17.0,223.2351422,26.0133632,SW,20-30 km/h,125-130 mm
84,2018-10-19 19:00:00,2391,PS181102 - PP1,0.0,307,129.8,5.4083,17.0,231.6520873,29.55023149,SW,20-30 km/h,125-130 mm
85,2018-10-19 22:00:00,2391,PS181102 - PP1,0.0,307,129.8,5.4083,17.0,221.9733863,31.72617363,SW,30-40 km/h,125-130 mm
86,2018-10-20 02:00:00,2391,PS181102 - PP1,0.0,307,129.8,5.4083,17.0,223.5380121,31.40081319,SW,30-40 km/h,125-130 mm
87,2018-10-20 01:00:00,2391,PS181102 - PP1,0.0,307,129.8,5.4083,17.0,224.7347437,31.46376052,SW,30-40 km/h,125-130 mm
88,2018-10-20 04:00:00,2391,PS181102 - PP1,0.0,307,129.8,5.4083,17.0,220.2921478,31.05838574,SW,30-40 km/h,125-130 mm
89,2018-10-20 07:00:00,2391,PS181102 - PP1,0.0,307,129.8,5.4083,17.0,213.3925843,27.51044969,SSW,20-30 km/h,125-130 mm
90,2018-10-20 10:00:00,2391,PS181102 - PP1,0.0,307,129.8,5.4083,17.0,216.4860121,24.59695209,SW,20-30 km/h,125-130 mm
91,2018-10-20 13:00:00,2391,PS181102 - PP1,0.0,307,129.8,5.4083,17.0,217.3931322,22.55794062,SW,20-30 km/h,125-130 mm
92,2018-10-25 07:00:00,2391,PS181102 - PP1,1.1,314,9.4,0.8545,2.0,331.1035837,18.11775563,NNW,10-20 km/h,5-20 mm
93,2018-10-25 10:00:00,2391,PS181102 - PP1,0.2,314,9.4,0.8545,2.0,307.7756843,20.84980537,NW,20-30 km/h,5-20 mm
94,2018-10-25 13:00:00,2391,PS181102 - PP1,0.0,314,9.4,0.8545,2.0,317.6785513,24.93578733,NW,20-30 km/h,5-20 mm
95,2018-10-29 04:00:00,2391,PS181102 - PP1,0.0,328,5.8,0.725,1.6,290.8285558,30.4157099,WNW,30-40 km/h,5-20 mm
96,2018-10-29 07:00:00,2391,PS181102 - PP1,0.0,328,5.8,0.725,1.6,295.6768157,35.65704693,WNW,30-40 km/h,5-20 mm
97,2018-10-29 10:00:00,2391,PS181102 - PP1,0.0,328,5.8,0.725,1.6,300.0685828,36.18101336,WNW,30-40 km/h,5-20 mm
98,2018-11-04 19:00:00,2391,PS181203 - PP1,0.1,337,45.8,2.181,6.4,291.8663707,16.86968953,WNW,10-20 km/h,35-50 mm
99,2018-11-04 22:00:00,2391,PS181203 - PP1,0.0,337,45.8,2.181,6.4,288.3084683,14.75490729,WNW,10-20 km/h,35-50 mm
100,2018-11-05 02:00:00,2391,PS181203 - PP1,0.0,337,45.8,2.181,6.4,292.4964715,11.03687175,WNW,10-20 km/h,35-50 mm
101,2018-11-05 01:00:00,2391,PS181203 - PP1,0.0,337,45.8,2.181,6.4,298.0091767,10.96647728,WNW,10-20 km/h,35-50 mm
102,2018-11-05 04:00:00,2391,PS181203 - PP1,0.2,337,45.8,2.181,6.4,290.4328287,11.21139742,WNW,10-20 km/h,35-50 mm
103,2018-11-05 07:00:00,2391,PS181203 - PP1,0.2,337,45.8,2.181,6.4,314.2257798,10.78011994,NW,10-20 km/h,35-50 mm
104,2018-11-05 10:00:00,2391,PS181203 - PP1,0.0,337,45.8,2.181,6.4,326.1546597,10.54128389,NW,10-20 km/h,35-50 mm
105,2018-11-05 13:00:00,2391,PS181203 - PP1,0.0,337,45.8,2.181,6.4,328.4258092,11.60613945,NNW,10-20 km/h,35-50 mm
106,2018-11-07 19:00:00,2391,PS181203 - PP1,0.0,343,52.8,4.4,19.4,337.3801351,1.339,NNW,0-10 km/h,50-65 mm
107,2018-11-07 22:00:00,2391,PS181203 - PP1,0.3,343,52.8,4.4,19.4,129.0194005,7.689210428,SE,0-10 km/h,50-65 mm
108,2018-11-08 02:00:00,2391,PS181203 - PP1,0.0,343,52.8,4.4,19.4,104.7229751,14.59005089,ESE,10-20 km/h,50-65 mm
109,2018-11-08 01:00:00,2391,PS181203 - PP1,0.0,343,52.8,4.4,19.4,113.4660759,14.48496438,ESE,10-20 km/h,50-65 mm
110,2018-11-08 04:00:00,2391,PS181203 - PP1,1.6,343,52.8,4.4,19.4,91.16124191,15.24713144,E,10-20 km/h,50-65 mm
111,2018-11-08 07:00:00,2391,PS181203 - PP1,2.6,344,54.2,2.581,13.6,85.46773829,16.94498702,E,10-20 km/h,50-65 mm
112,2018-11-08 10:00:00,2391,PS181203 - PP1,1.3,344,54.2,2.581,13.6,98.20990144,20.91737025,E,20-30 km/h,50-65 mm
113,2018-11-08 13:00:00,2391,PS181203 - PP1,1.8,344,54.2,2.581,13.6,119.3806079,28.13239058,ESE,20-30 km/h,50-65 mm
114,2018-11-08 19:00:00,2391,PS181203 - PP1,0.0,344,54.2,2.581,13.6,98.01325184,21.42721851,E,20-30 km/h,50-65 mm
115,2018-11-08 22:00:00,2391,PS181203 - PP1,1.2,344,54.2,2.581,13.6,94.48841684,30.27183843,E,30-40 km/h,50-65 mm
116,2018-11-09 02:00:00,2391,PS181203 - PP1,2.0,344,54.2,2.581,13.6,84.91377829,39.50154073,E,30-40 km/h,50-65 mm
117,2018-11-09 01:00:00,2391,PS181203 - PP1,2.0,344,54.2,2.581,13.6,86.77763405,38.47984057,E,30-40 km/h,50-65 mm
118,2018-11-15 19:00:00,2391,PS181203 - PP1,0.0,351,18.6,6.2,10.6,256.192481,12.51566558,WSW,10-20 km/h,5-20 mm
119,2018-11-16 19:00:00,2391,PS181203 - PP1,0.8,354,21.0,1.9091,5.2,187.9434718,4.471908429,S,0-10 km/h,20-35 mm
120,2018-11-16 22:00:00,2391,PS181203 - PP1,0.0,354,21.0,1.9091,5.2,144.9165261,10.57293871,SE,10-20 km/h,20-35 mm
121,2018-11-17 02:00:00,2391,PS181203 - PP1,0.0,354,21.0,1.9091,5.2,98.25252905,13.63418124,E,10-20 km/h,20-35 mm
122,2018-11-17 01:00:00,2391,PS181203 - PP1,0.0,354,21.0,1.9091,5.2,108.043412,14.29920477,ESE,10-20 km/h,20-35 mm
123,2018-11-19 19:00:00,2391,PS181203 - PP1,1.3,357,82.2,3.288,12.8,254.1716934,20.76951008,WSW,20-30 km/h,80-95 mm
124,2018-11-19 22:00:00,2391,PS181203 - PP1,0.7,357,82.2,3.288,12.8,234.4623222,12.40455304,SW,10-20 km/h,80-95 mm
125,2018-11-20 02:00:00,2391,PS181203 - PP1,1.4,357,82.2,3.288,12.8,322.2531946,8.076145863,NW,0-10 km/h,80-95 mm
126,2018-11-20 01:00:00,2391,PS181203 - PP1,1.4,357,82.2,3.288,12.8,308.6598083,8.573783354,NW,0-10 km/h,80-95 mm
127,2018-11-20 04:00:00,2391,PS181203 - PP1,0.0,357,82.2,3.288,12.8,342.2286792,8.436574008,NNW,0-10 km/h,80-95 mm
128,2018-11-20 07:00:00,2391,PS181203 - PP1,0.0,357,82.2,3.288,12.8,332.7446716,11.47051952,NNW,10-20 km/h,80-95 mm
129,2018-11-20 10:00:00,2391,PS181203 - PP1,0.0,357,82.2,3.288,12.8,340.7239011,19.96845675,NNW,10-20 km/h,80-95 mm
130,2018-11-20 13:00:00,2391,PS181203 - PP1,0.0,357,82.2,3.288,12.8,337.1663458,27.60419216,NNW,20-30 km/h,80-95 mm
131,2018-11-20 19:00:00,2391,PS181203 - PP1,0.0,358,6.2,1.0333,2.0,314.0608091,22.21674425,NW,20-30 km/h,5-20 mm
132,2018-11-20 22:00:00,2391,PS181203 - PP1,0.2,358,6.2,1.0333,2.0,319.0495817,16.50123008,NW,10-20 km/h,5-20 mm
133,2018-11-21 01:00:00,2391,PS181203 - PP1,0.3,358,6.2,1.0333,2.0,351.4391104,19.37385919,N,10-20 km/h,5-20 mm
134,2018-11-26 19:00:00,2391,PS181203 - PP1,0.0,367,23.6,2.6222,16.4,97.59464337,1.558672833,E,0-10 km/h,20-35 mm
135,2018-11-26 22:00:00,2391,PS181203 - PP1,0.3,367,23.6,2.6222,16.4,130.1792339,6.066516381,SE,0-10 km/h,20-35 mm
136,2018-11-27 02:00:00,2391,PS181203 - PP1,0.2,367,23.6,2.6222,16.4,58.44861505,13.778921,ENE,10-20 km/h,20-35 mm
137,2018-11-27 01:00:00,2391,PS181203 - PP1,0.2,367,23.6,2.6222,16.4,59.77816173,12.27775554,ENE,10-20 km/h,20-35 mm
138,2018-11-27 04:00:00,2391,PS181203 - PP1,0.0,367,23.6,2.6222,16.4,54.71325102,16.40386162,NE,10-20 km/h,20-35 mm
139,2018-11-27 22:00:00,2391,PS181203 - PP1,0.0,369,11.8,1.9667,5.6,97.66680426,10.80862193,E,10-20 km/h,5-20 mm
140,2018-11-28 02:00:00,2391,PS181203 - PP1,0.0,369,11.8,1.9667,5.6,88.02506599,17.93265201,E,10-20 km/h,5-20 mm
141,2018-11-28 01:00:00,2391,PS181203 - PP1,0.1,369,11.8,1.9667,5.6,90.33703011,17.51030294,E,10-20 km/h,5-20 mm
142,2018-11-28 04:00:00,2391,PS181203 - PP1,0.0,369,11.8,1.9667,5.6,83.41805534,18.87037586,E,10-20 km/h,5-20 mm
143,2018-11-28 19:00:00,2391,PS181203 - PP1,0.0,370,7.0,2.3333,4.6,60.9453959,13.78584876,ENE,10-20 km/h,5-20 mm
144,2018-11-28 22:00:00,2391,PS181203 - PP1,0.0,370,7.0,2.3333,4.6,70.41600623,11.36972581,ENE,10-20 km/h,5-20 mm
145,2018-12-02 19:00:00,2391,PS181203 - PP1,0.0,382,13.8,1.38,4.6,254.4626384,23.84021722,WSW,20-30 km/h,5-20 mm
146,2018-12-02 22:00:00,2391,PS181203 - PP1,0.3,382,13.8,1.38,4.6,239.8913409,20.12194039,WSW,20-30 km/h,5-20 mm
147,2018-12-03 02:00:00,2391,PS190106 - PP1,0.4,382,13.8,1.38,4.6,226.7534049,14.28175879,SW,10-20 km/h,5-20 mm
148,2018-12-03 01:00:00,2391,PS190106 - PP1,0.4,382,13.8,1.38,4.6,225.0,14.71206369,SW,10-20 km/h,5-20 mm
149,2018-12-03 04:00:00,2391,PS190106 - PP1,0.0,382,13.8,1.38,4.6,226.4688007,14.20690765,SW,10-20 km/h,5-20 mm
150,2018-12-05 19:00:00,2391,PS190106 - PP1,0.0,388,10.8,5.4,8.2,245.6420103,22.72591776,WSW,20-30 km/h,5-20 mm
151,2018-12-06 22:00:00,2391,PS190106 - PP1,0.0,391,8.6,1.075,5.0,286.6750177,23.33217148,WNW,20-30 km/h,5-20 mm
152,2018-12-07 02:00:00,2391,PS190106 - PP1,0.1,391,8.6,1.075,5.0,285.6928343,22.46746156,WNW,20-30 km/h,5-20 mm
153,2018-12-07 01:00:00,2391,PS190106 - PP1,0.1,391,8.6,1.075,5.0,285.538525,21.91601848,WNW,20-30 km/h,5-20 mm
154,2018-12-07 04:00:00,2391,PS190106 - PP1,0.0,391,8.6,1.075,5.0,284.7561525,23.85890008,WNW,20-30 km/h,5-20 mm
155,2018-12-07 07:00:00,2391,PS190106 - PP1,0.0,392,15.2,7.6,13.4,282.9465095,27.58419999,WNW,20-30 km/h,5-20 mm
156,2018-12-07 10:00:00,2391,PS190106 - PP1,0.0,392,15.2,7.6,13.4,290.2868231,28.22162409,WNW,20-30 km/h,5-20 mm
157,2018-12-08 02:00:00,2391,PS190106 - PP1,0.4,394,56.8,3.3412,7.8,256.3668864,28.40429265,WSW,20-30 km/h,50-65 mm
158,2018-12-08 01:00:00,2391,PS190106 - PP1,0.4,394,56.8,3.3412,7.8,256.8527576,28.98164502,WSW,20-30 km/h,50-65 mm
159,2018-12-08 04:00:00,2391,PS190106 - PP1,0.0,394,56.8,3.3412,7.8,253.0267162,26.8150367,WSW,20-30 km/h,50-65 mm
160,2018-12-08 07:00:00,2391,PS190106 - PP1,0.0,394,56.8,3.3412,7.8,240.0684882,23.5327389,WSW,20-30 km/h,50-65 mm
161,2018-12-08 10:00:00,2391,PS190106 - PP1,0.0,394,56.8,3.3412,7.8,235.0493486,23.37351202,SW,20-30 km/h,50-65 mm
162,2018-12-08 13:00:00,2391,PS190106 - PP1,0.0,394,56.8,3.3412,7.8,236.7365953,26.85378106,WSW,20-30 km/h,50-65 mm
163,2018-12-08 19:00:00,2391,PS190106 - PP1,0.0,395,6.2,3.1,5.0,240.7671825,25.73104102,WSW,20-30 km/h,5-20 mm
164,2018-12-08 22:00:00,2391,PS190106 - PP1,0.0,396,15.0,3.75,5.2,219.6569442,20.33565391,SW,20-30 km/h,5-20 mm
165,2018-12-09 01:00:00,2391,PS190106 - PP1,0.0,396,15.0,3.75,5.2,170.0316438,17.2554975,S,10-20 km/h,5-20 mm
166,2018-12-15 19:00:00,2391,PS190106 - PP1,0.0,399,7.4,7.4,7.4,74.475889,3.848397589,ENE,0-10 km/h,5-20 mm
167,2018-12-21 13:00:00,2391,PS190106 - PP1,0.0,403,21.2,7.0667,18.8,186.1701751,3.833205578,S,0-10 km/h,20-35 mm
168,2018-12-22 19:00:00,2391,PS190106 - PP1,0.0,406,66.4,33.2,65.6,208.2016282,8.064314602,SSW,0-10 km/h,65-80 mm
169,2018-12-22 22:00:00,2391,PS190106 - PP1,0.0,406,66.4,33.2,65.6,206.1310005,6.080490523,SSW,0-10 km/h,65-80 mm
170,2018-12-24 01:00:00,2391,PS190106 - PP1,0.0,409,15.4,7.7,14.8,311.8201699,18.38196535,NW,10-20 km/h,5-20 mm
171,2018-12-24 19:00:00,2391,PS190106 - PP1,0.0,412,76.6,8.5111,35.0,270.7117122,16.58427945,W,10-20 km/h,65-80 mm
172,2018-12-24 22:00:00,2391,PS190106 - PP1,2.2,412,76.6,8.5111,35.0,238.4258092,11.60613945,WSW,10-20 km/h,65-80 mm
173,2018-12-25 02:00:00,2391,PS190106 - PP1,2.3,412,76.6,8.5111,35.0,201.0837546,9.162369617,SSW,0-10 km/h,65-80 mm
174,2018-12-25 01:00:00,2391,PS190106 - PP1,2.3,412,76.6,8.5111,35.0,196.9492242,11.30609751,SSW,10-20 km/h,65-80 mm
175,2018-12-25 19:00:00,2391,PS190106 - PP1,0.0,415,13.2,1.65,4.2,268.3070216,20.91813101,W,20-30 km/h,5-20 mm
176,2018-12-25 22:00:00,2391,PS190106 - PP1,0.1,415,13.2,1.65,4.2,255.237383,15.7643847,WSW,10-20 km/h,5-20 mm
177,2018-12-26 02:00:00,2391,PS190106 - PP1,0.5,415,13.2,1.65,4.2,283.3245313,8.044557166,WNW,0-10 km/h,5-20 mm
178,2018-12-26 01:00:00,2391,PS190106 - PP1,0.3,415,13.2,1.65,4.2,268.6360725,8.654452033,W,0-10 km/h,5-20 mm
179,2018-12-27 13:00:00,2391,PS190106 - PP1,0.0,420,35.2,2.7077,7.4,320.4923246,15.21892532,NW,10-20 km/h,35-50 mm
180,2018-12-27 19:00:00,2391,PS190106 - PP1,0.0,420,35.2,2.7077,7.4,278.4431909,13.32845471,W,10-20 km/h,35-50 mm
181,2018-12-27 22:00:00,2391,PS190106 - PP1,0.0,420,35.2,2.7077,7.4,284.0362435,5.945518312,WNW,0-10 km/h,35-50 mm
182,2018-12-28 02:00:00,2391,PS190106 - PP1,0.0,420,35.2,2.7077,7.4,341.9657144,4.65783265,NNW,0-10 km/h,35-50 mm
183,2018-12-28 01:00:00,2391,PS190106 - PP1,0.0,420,35.2,2.7077,7.4,331.2602047,3.641599923,NNW,0-10 km/h,35-50 mm
184,2018-12-28 04:00:00,2391,PS190106 - PP1,0.0,420,35.2,2.7077,7.4,350.0958168,6.587170106,N,0-10 km/h,35-50 mm
185,2018-12-28 19:00:00,2391,PS190106 - PP1,0.0,421,6.2,6.2,6.2,258.8320056,24.46222895,W,20-30 km/h,5-20 mm
186,2018-12-30 19:00:00,2391,PS190106 - PP1,0.0,424,12.8,6.4,9.6,253.0546766,13.78238532,WSW,10-20 km/h,5-20 mm
187,2018-12-30 22:00:00,2391,PS190106 - PP1,0.0,424,12.8,6.4,9.6,223.3864611,10.34624618,SW,10-20 km/h,5-20 mm
188,2019-01-01 19:00:00,2391,PS190106 - PP1,0.0,426,19.0,9.5,18.8,295.9308065,12.48383795,WNW,10-20 km/h,5-20 mm
189,2019-01-02 19:00:00,2391,PS190106 - PP1,0.0,429,60.8,10.1333,20.0,289.9106261,13.91262754,WNW,10-20 km/h,50-65 mm
190,2019-01-02 22:00:00,2391,PS190106 - PP1,0.8,429,60.8,10.1333,20.0,296.0646641,10.54882937,WNW,10-20 km/h,50-65 mm
191,2019-01-03 02:00:00,2391,PS190106 - PP1,0.9,429,60.8,10.1333,20.0,305.1939072,11.97372231,NW,10-20 km/h,50-65 mm
192,2019-01-03 01:00:00,2391,PS190106 - PP1,1.0,429,60.8,10.1333,20.0,306.173629,11.86647618,NW,10-20 km/h,50-65 mm
193,2019-01-03 22:00:00,2391,PS190106 - PP1,0.3,431,36.0,12.0,25.8,235.0606898,9.172206387,SW,0-10 km/h,35-50 mm
194,2019-01-04 01:00:00,2391,PS190106 - PP1,0.0,431,36.0,12.0,25.8,232.206057,6.386830591,SW,0-10 km/h,35-50 mm
195,2019-01-05 22:00:00,2391,PS190106 - PP1,0.0,436,30.2,7.55,28.0,322.9071627,21.17696031,NW,20-30 km/h,20-35 mm
196,2019-01-06 02:00:00,2391,PS190210 - PP1,0.0,436,30.2,7.55,28.0,332.9044475,29.85010372,NNW,20-30 km/h,20-35 mm
197,2019-01-06 01:00:00,2391,PS190210 - PP1,0.0,436,30.2,7.55,28.0,331.6589046,29.72491489,NNW,20-30 km/h,20-35 mm
198,2019-01-16 19:00:00,2391,PS190210 - PP1,0.0,443,12.2,6.1,7.6,249.0754983,11.24776978,WSW,10-20 km/h,5-20 mm
199,2019-01-16 22:00:00,2391,PS190210 - PP1,0.0,443,12.2,6.1,7.6,218.5652608,9.748067142,SW,0-10 km/h,5-20 mm
200,2019-01-19 22:00:00,2391,PS190210 - PP1,0.0,446,6.8,2.2667,6.2,274.484606,5.269132092,W,0-10 km/h,5-20 mm
201,2019-01-20 02:00:00,2391,PS190210 - PP1,0.0,446,6.8,2.2667,6.2,262.4053566,4.676018499,W,0-10 km/h,5-20 mm
202,2019-01-20 01:00:00,2391,PS190210 - PP1,0.0,446,6.8,2.2667,6.2,259.2611029,6.080490523,W,0-10 km/h,5-20 mm
203,2019-01-20 19:00:00,2391,PS190210 - PP1,0.0,447,6.4,1.28,3.4,307.1847065,7.498513186,NW,0-10 km/h,5-20 mm
204,2019-01-20 22:00:00,2391,PS190210 - PP1,0.0,447,6.4,1.28,3.4,317.6425453,4.739119433,NW,0-10 km/h,5-20 mm
205,2019-01-21 01:00:00,2391,PS190210 - PP1,0.0,447,6.4,1.28,3.4,324.9041832,4.65783265,NW,0-10 km/h,5-20 mm
206,2019-01-21 22:00:00,2391,PS190210 - PP1,0.0,449,33.2,16.6,33.0,189.3601908,9.499481775,S,0-10 km/h,20-35 mm
207,2019-01-22 02:00:00,2391,PS190210 - PP1,0.0,449,33.2,16.6,33.0,177.8252559,16.28572995,S,10-20 km/h,20-35 mm
208,2019-01-22 01:00:00,2391,PS190210 - PP1,0.0,449,33.2,16.6,33.0,184.6986805,15.08870902,S,10-20 km/h,20-35 mm
209,2019-01-25 19:00:00,2391,PS190210 - PP1,0.0,452,10.8,5.4,9.6,5.355825043,6.620905376,N,0-10 km/h,5-20 mm
210,2019-02-04 19:00:00,2391,PS190210 - PP1,0.0,458,10.0,10.0,10.0,261.4692344,24.99655304,W,20-30 km/h,5-20 mm
211,2019-02-04 22:00:00,2391,PS190210 - PP1,1.2,459,35.8,2.5571,8.2,251.3654151,18.69613147,WSW,10-20 km/h,35-50 mm
212,2019-02-05 02:00:00,2391,PS190210 - PP1,0.8,459,35.8,2.5571,8.2,262.9987324,11.83021251,W,10-20 km/h,35-50 mm
213,2019-02-05 01:00:00,2391,PS190210 - PP1,0.9,459,35.8,2.5571,8.2,259.4919779,12.98984777,W,10-20 km/h,35-50 mm
214,2019-02-05 04:00:00,2391,PS190210 - PP1,0.0,459,35.8,2.5571,8.2,265.6012946,8.057734173,W,0-10 km/h,35-50 mm
215,2019-02-05 07:00:00,2391,PS190210 - PP1,0.0,459,35.8,2.5571,8.2,161.5650512,2.280002193,SSE,0-10 km/h,35-50 mm
216,2019-02-05 10:00:00,2391,PS190210 - PP1,0.3,459,35.8,2.5571,8.2,48.12213046,4.011714471,NE,0-10 km/h,35-50 mm
217,2019-02-05 19:00:00,2391,PS190210 - PP1,0.0,461,8.2,1.025,2.8,282.4174458,11.49592593,WNW,10-20 km/h,5-20 mm
218,2019-02-05 22:00:00,2391,PS190210 - PP1,0.0,461,8.2,1.025,2.8,281.7385712,8.100411409,WNW,0-10 km/h,5-20 mm
219,2019-02-06 22:00:00,2391,PS190210 - PP1,0.7,464,19.2,2.4,11.2,303.1356095,26.56860992,WNW,20-30 km/h,5-20 mm
220,2019-02-07 02:00:00,2391,PS190210 - PP1,1.3,464,19.2,2.4,11.2,288.8583089,26.44874746,WNW,20-30 km/h,5-20 mm
221,2019-02-07 01:00:00,2391,PS190210 - PP1,1.3,464,19.2,2.4,11.2,288.0295609,27.62128936,WNW,20-30 km/h,5-20 mm
222,2019-02-07 04:00:00,2391,PS190210 - PP1,0.0,464,19.2,2.4,11.2,289.8997976,24.20850613,WNW,20-30 km/h,5-20 mm
223,2019-02-07 07:00:00,2391,PS190210 - PP1,0.0,464,19.2,2.4,11.2,295.0893739,19.67542655,WNW,10-20 km/h,5-20 mm
224,2019-02-07 10:00:00,2391,PS190210 - PP1,0.0,465,7.0,1.1667,2.6,310.2521119,21.9979162,NW,20-30 km/h,5-20 mm
225,2019-02-07 13:00:00,2391,PS190210 - PP1,0.0,465,7.0,1.1667,2.6,314.3338,25.05590118,NW,20-30 km/h,5-20 mm
226,2019-02-09 22:00:00,2391,PS190210 - PP1,0.0,467,11.0,5.5,10.8,253.3549618,10.42795522,WSW,10-20 km/h,5-20 mm
227,2019-02-10 01:00:00,2391,PS190313 - PP1,0.0,467,11.0,5.5,10.8,217.6942405,2.863696388,SW,0-10 km/h,5-20 mm
228,2019-02-12 22:00:00,2391,PS190313 - PP1,0.0,469,44.2,8.84,25.2,257.1756019,12.99311421,WSW,10-20 km/h,35-50 mm
229,2019-02-13 02:00:00,2391,PS190313 - PP1,0.0,469,44.2,8.84,25.2,247.4161475,12.60561787,WSW,10-20 km/h,35-50 mm
230,2019-02-13 01:00:00,2391,PS190313 - PP1,0.0,469,44.2,8.84,25.2,247.3062051,12.28077945,WSW,10-20 km/h,35-50 mm
231,2019-02-13 10:00:00,2391,PS190313 - PP1,0.3,471,108.6,8.3538,16.2,210.1013046,24.64456616,SSW,20-30 km/h,95-110 mm
232,2019-02-13 13:00:00,2391,PS190313 - PP1,0.5,471,108.6,8.3538,16.2,197.1218085,22.74085122,SSW,20-30 km/h,95-110 mm
233,2019-02-13 19:00:00,2391,PS190313 - PP1,0.0,471,108.6,8.3538,16.2,224.7561896,17.1156746,SW,10-20 km/h,95-110 mm
234,2019-02-13 22:00:00,2391,PS190313 - PP1,0.0,471,108.6,8.3538,16.2,227.2457426,14.86914792,SW,10-20 km/h,95-110 mm
235,2019-02-17 19:00:00,2391,PS190313 - PP1,1.0,484,8.8,8.8,8.8,288.6049655,32.92989094,WNW,30-40 km/h,5-20 mm
236,2019-02-18 19:00:00,2391,PS190313 - PP1,0.2,487,30.2,10.0667,25.4,295.5084865,22.48256669,WNW,20-30 km/h,20-35 mm
237,2019-02-18 22:00:00,2391,PS190313 - PP1,0.7,487,30.2,10.0667,25.4,300.650668,16.16312547,WNW,10-20 km/h,20-35 mm
238,2019-02-19 02:00:00,2391,PS190313 - PP1,0.7,488,20.8,2.9714,10.4,315.6437457,12.96491404,NW,10-20 km/h,20-35 mm
239,2019-02-19 01:00:00,2391,PS190313 - PP1,0.7,488,20.8,2.9714,10.4,312.540956,11.88255785,NW,10-20 km/h,20-35 mm
240,2019-02-19 04:00:00,2391,PS190313 - PP1,0.0,488,20.8,2.9714,10.4,317.5385446,14.79941908,NW,10-20 km/h,20-35 mm
241,2019-02-20 19:00:00,2391,PS190313 - PP1,0.0,492,5.6,2.8,5.0,288.0761073,15.60203528,WNW,10-20 km/h,5-20 mm
242,2019-02-25 22:00:00,2391,PS190313 - PP1,0.0,500,31.4,3.925,12.8,302.8069655,14.82806545,WNW,10-20 km/h,20-35 mm
243,2019-02-26 02:00:00,2391,PS190313 - PP1,0.0,500,31.4,3.925,12.8,320.6837063,15.44347529,NW,10-20 km/h,20-35 mm
244,2019-02-26 01:00:00,2391,PS190313 - PP1,0.0,500,31.4,3.925,12.8,315.8905363,14.05827376,NW,10-20 km/h,20-35 mm
245,2019-02-26 04:00:00,2391,PS190313 - PP1,0.0,500,31.4,3.925,12.8,324.3099402,18.0082179,NW,10-20 km/h,20-35 mm
246,2019-02-26 07:00:00,2391,PS190313 - PP1,0.0,500,31.4,3.925,12.8,317.7791669,22.53158843,NW,20-30 km/h,20-35 mm
247,2019-02-28 04:00:00,2391,PS190313 - PP1,0.0,504,7.6,3.8,5.2,319.3527031,27.82925815,NW,20-30 km/h,5-20 mm
248,2019-03-02 02:00:00,2391,PS190313 - PP1,0.0,505,17.2,3.44,9.4,322.3231729,36.56862658,NW,30-40 km/h,5-20 mm
249,2019-03-02 04:00:00,2391,PS190313 - PP1,0.7,505,17.2,3.44,9.4,321.867509,40.20036032,NW,40-50 km/h,5-20 mm
250,2019-03-02 07:00:00,2391,PS190313 - PP1,1.0,505,17.2,3.44,9.4,315.9843667,42.39447969,NW,40-50 km/h,5-20 mm
251,2019-03-09 19:00:00,2391,PS190313 - PP1,0.0,513,8.4,4.2,7.8,111.5953104,5.317234714,ESE,0-10 km/h,5-20 mm
252,2019-03-09 22:00:00,2391,PS190313 - PP1,0.0,513,8.4,4.2,7.8,144.9262455,5.915106254,SE,0-10 km/h,5-20 mm
253,2019-03-10 19:00:00,2391,PS190313 - PP1,0.0,515,76.2,19.05,53.8,245.8333702,8.805747044,WSW,0-10 km/h,65-80 mm
254,2019-03-10 22:00:00,2391,PS190313 - PP1,0.0,515,76.2,19.05,53.8,226.499547,13.91567738,SW,10-20 km/h,65-80 mm
255,2019-03-11 19:00:00,2391,PS190313 - PP1,0.5,519,10.8,5.4,9.8,224.1696845,10.05187127,SW,10-20 km/h,5-20 mm
256,2019-03-11 22:00:00,2391,PS190313 - PP1,0.7,520,76.0,12.6667,53.8,181.5693548,7.521821388,S,0-10 km/h,65-80 mm
257,2019-03-12 02:00:00,2391,PS190313 - PP1,0.7,520,76.0,12.6667,53.8,60.39554925,5.212451343,ENE,0-10 km/h,65-80 mm
258,2019-03-12 01:00:00,2391,PS190313 - PP1,0.7,520,76.0,12.6667,53.8,78.92979742,4.827833158,E,0-10 km/h,65-80 mm
259,2019-03-14 19:00:00,2391,PS190413 - PP1,0.0,525,5.6,5.6,5.6,256.8018795,23.90953711,WSW,20-30 km/h,5-20 mm
260,2019-03-16 19:00:00,2391,PS190413 - PP1,0.4,533,49.6,9.92,32.4,311.3785153,5.765240411,NW,0-10 km/h,35-50 mm
261,2019-03-16 22:00:00,2391,PS190413 - PP1,0.5,533,49.6,9.92,32.4,49.39870535,0.949613079,NE,0-10 km/h,35-50 mm
262,2019-03-19 19:00:00,2391,PS190413 - PP1,0.0,539,41.8,13.9333,40.4,233.4206955,24.37011344,SW,20-30 km/h,35-50 mm
263,2019-03-19 22:00:00,2391,PS190413 - PP1,0.3,539,41.8,13.9333,40.4,226.9636575,25.50617764,SW,20-30 km/h,35-50 mm
264,2019-03-20 19:00:00,2391,PS190413 - PP1,0.0,542,9.8,1.6333,3.6,252.5176248,27.42895995,WSW,20-30 km/h,5-20 mm
265,2019-03-20 22:00:00,2391,PS190413 - PP1,0.0,542,9.8,1.6333,3.6,237.5288077,24.17320252,WSW,20-30 km/h,5-20 mm
266,2019-03-21 02:00:00,2391,PS190413 - PP1,0.0,544,8.8,1.2571,2.2,229.3987054,17.09303542,SW,10-20 km/h,5-20 mm
267,2019-03-21 04:00:00,2391,PS190413 - PP1,0.0,544,8.8,1.2571,2.2,234.338395,16.60729277,SW,10-20 km/h,5-20 mm
268,2019-03-21 07:00:00,2391,PS190413 - PP1,0.0,544,8.8,1.2571,2.2,251.9027434,16.57916105,WSW,10-20 km/h,5-20 mm
269,2019-03-21 10:00:00,2391,PS190413 - PP1,0.0,544,8.8,1.2571,2.2,263.2639888,13.17192416,W,10-20 km/h,5-20 mm
270,2019-03-21 13:00:00,2391,PS190413 - PP1,0.0,545,16.4,3.28,5.6,256.8907918,7.720191837,WSW,0-10 km/h,5-20 mm
271,2019-03-21 22:00:00,2391,PS190413 - PP1,0.0,547,76.8,5.9077,12.2,173.5956473,10.15738771,S,10-20 km/h,65-80 mm
272,2019-03-22 02:00:00,2391,PS190413 - PP1,0.0,547,76.8,5.9077,12.2,155.784861,21.34511921,SSE,20-30 km/h,65-80 mm
273,2019-03-22 01:00:00,2391,PS190413 - PP1,0.0,547,76.8,5.9077,12.2,156.7664943,22.19381132,SSE,20-30 km/h,65-80 mm
274,2019-03-22 04:00:00,2391,PS190413 - PP1,0.0,547,76.8,5.9077,12.2,154.4154655,18.84252621,SSE,10-20 km/h,65-80 mm
275,2019-03-22 07:00:00,2391,PS190413 - PP1,0.0,547,76.8,5.9077,12.2,150.1240073,11.16588411,SSE,10-20 km/h,65-80 mm
276,2019-03-22 10:00:00,2391,PS190413 - PP1,0.0,547,76.8,5.9077,12.2,135.6585432,6.336802427,SE,0-10 km/h,65-80 mm
277,2019-03-22 19:00:00,2391,PS190413 - PP1,0.3,549,7.0,1.4,2.2,64.74683661,6.035835153,ENE,0-10 km/h,5-20 mm
278,2019-03-22 22:00:00,2391,PS190413 - PP1,0.3,549,7.0,1.4,2.2,107.4747743,5.8311101,ESE,0-10 km/h,5-20 mm
279,2019-03-27 22:00:00,2391,PS190413 - PP1,0.0,552,13.4,6.7,10.8,178.6521127,8.757423194,S,0-10 km/h,5-20 mm
280,2019-03-28 01:00:00,2391,PS190413 - PP1,0.0,552,13.4,6.7,10.8,157.9057697,11.22747247,SSE,10-20 km/h,5-20 mm
281,2019-03-28 19:00:00,2391,PS190413 - PP1,0.0,554,57.0,5.1818,16.0,152.7004278,3.59320929,SSE,0-10 km/h,50-65 mm
282,2019-03-28 22:00:00,2391,PS190413 - PP1,0.2,554,57.0,5.1818,16.0,154.470302,7.64770665,SSE,0-10 km/h,50-65 mm
283,2019-03-29 02:00:00,2391,PS190413 - PP1,0.4,554,57.0,5.1818,16.0,139.7405106,14.9818094,SE,10-20 km/h,50-65 mm
284,2019-03-29 01:00:00,2391,PS190413 - PP1,0.3,554,57.0,5.1818,16.0,144.6480453,14.775385,SE,10-20 km/h,50-65 mm
285,2019-03-29 04:00:00,2391,PS190413 - PP1,0.0,554,57.0,5.1818,16.0,131.8361164,14.5156932,SE,10-20 km/h,50-65 mm
286,2019-03-29 19:00:00,2391,PS190413 - PP1,0.0,556,19.0,3.8,6.4,156.1940565,7.655332521,SSE,0-10 km/h,5-20 mm
287,2019-03-29 22:00:00,2391,PS190413 - PP1,0.2,556,19.0,3.8,6.4,147.7243557,9.258548482,SSE,0-10 km/h,5-20 mm
288,2019-03-30 22:00:00,2391,PS190413 - PP1,0.0,559,37.4,6.2333,18.2,240.0684882,19.61061575,WSW,10-20 km/h,35-50 mm
289,2019-03-31 02:00:00,2391,PS190413 - PP1,0.0,559,37.4,6.2333,18.2,241.3360429,17.60787937,WSW,10-20 km/h,35-50 mm
290,2019-03-31 01:00:00,2391,PS190413 - PP1,0.0,559,37.4,6.2333,18.2,241.9661481,17.97047467,WSW,10-20 km/h,35-50 mm
291,2019-03-31 04:00:00,2391,PS190413 - PP1,0.1,559,37.4,6.2333,18.2,239.4475907,17.22318928,WSW,10-20 km/h,35-50 mm
292,2019-04-06 19:00:00,2391,PS190413 - PP1,0.0,565,12.4,6.2,12.0,65.19059162,12.02808933,ENE,10-20 km/h,5-20 mm
293,2019-04-08 19:00:00,2391,PS190413 - PP1,0.0,567,5.6,1.12,2.4,300.6186054,23.45868811,WNW,20-30 km/h,5-20 mm
294,2019-04-08 22:00:00,2391,PS190413 - PP1,0.2,567,5.6,1.12,2.4,297.4655001,23.4489629,WNW,20-30 km/h,5-20 mm
295,2019-04-09 01:00:00,2391,PS190413 - PP1,0.0,567,5.6,1.12,2.4,296.2502424,25.15077782,WNW,20-30 km/h,5-20 mm
296,2019-04-09 10:00:00,2391,PS190413 - PP1,0.0,570,6.2,1.55,2.8,295.0902824,34.00575847,WNW,30-40 km/h,5-20 mm
297,2019-04-09 13:00:00,2391,PS190413 - PP1,0.0,570,6.2,1.55,2.8,274.1018387,25.91939284,W,20-30 km/h,5-20 mm
298,2019-04-09 19:00:00,2391,PS190413 - PP1,0.0,571,47.8,2.8118,9.0,221.4367319,19.92164855,SW,10-20 km/h,35-50 mm
299,2019-04-09 22:00:00,2391,PS190413 - PP1,0.1,571,47.8,2.8118,9.0,195.7511737,20.86862358,SSW,20-30 km/h,35-50 mm
300,2019-04-10 02:00:00,2391,PS190413 - PP1,0.2,571,47.8,2.8118,9.0,170.2302999,15.78187229,S,10-20 km/h,35-50 mm
301,2019-04-10 01:00:00,2391,PS190413 - PP1,0.1,571,47.8,2.8118,9.0,176.253838,17.34105259,S,10-20 km/h,35-50 mm
302,2019-04-10 04:00:00,2391,PS190413 - PP1,0.0,571,47.8,2.8118,9.0,161.2947901,13.81045264,SSE,10-20 km/h,35-50 mm
303,2019-04-10 07:00:00,2391,PS190413 - PP1,0.0,571,47.8,2.8118,9.0,172.0672417,12.68740939,S,10-20 km/h,35-50 mm
304,2019-04-10 10:00:00,2391,PS190413 - PP1,0.0,571,47.8,2.8118,9.0,169.4873728,10.16156469,S,10-20 km/h,35-50 mm
305,2019-04-10 19:00:00,2391,PS190413 - PP1,0.0,574,15.6,2.2286,4.6,210.4257838,7.525346637,SSW,0-10 km/h,5-20 mm
306,2019-04-10 22:00:00,2391,PS190413 - PP1,0.0,574,15.6,2.2286,4.6,188.4033711,9.162369617,S,0-10 km/h,5-20 mm
307,2019-04-11 02:00:00,2391,PS190413 - PP1,0.0,574,15.6,2.2286,4.6,147.3807569,9.171628045,SSE,0-10 km/h,5-20 mm
308,2019-04-11 01:00:00,2391,PS190413 - PP1,0.0,574,15.6,2.2286,4.6,154.5366549,9.58287556,SSE,0-10 km/h,5-20 mm
309,2019-04-17 07:00:00,2391,PS190518 - PP1,0.0,586,20.6,10.3,13.6,283.7908669,34.99893926,WNW,30-40 km/h,20-35 mm
310,2019-04-23 19:00:00,2391,PS190518 - PP1,0.0,591,14.2,7.1,8.0,247.8336542,3.002940226,WSW,0-10 km/h,5-20 mm
311,2019-04-23 22:00:00,2391,PS190518 - PP1,0.0,592,41.0,10.25,25.4,171.3843518,3.437793769,S,0-10 km/h,35-50 mm
312,2019-04-24 02:00:00,2391,PS190518 - PP1,0.0,592,41.0,10.25,25.4,110.0715259,5.702331541,ESE,0-10 km/h,35-50 mm
313,2019-04-24 01:00:00,2391,PS190518 - PP1,0.0,592,41.0,10.25,25.4,123.3106308,4.313720668,ESE,0-10 km/h,35-50 mm
314,2019-05-07 22:00:00,2391,PS190518 - PP1,0.0,601,130.0,6.8421,22.8,233.8646234,24.10398069,SW,20-30 km/h,125-130 mm
315,2019-05-08 02:00:00,2391,PS190518 - PP1,0.0,601,130.0,6.8421,22.8,229.7998361,19.14913774,SW,10-20 km/h,125-130 mm
316,2019-05-08 01:00:00,2391,PS190518 - PP1,0.0,601,130.0,6.8421,22.8,229.9979421,19.22792347,SW,10-20 km/h,125-130 mm
317,2019-05-08 04:00:00,2391,PS190518 - PP1,0.0,601,130.0,6.8421,22.8,230.2355897,18.35742043,SW,10-20 km/h,125-130 mm
318,2019-05-08 07:00:00,2391,PS190518 - PP1,0.0,601,130.0,6.8421,22.8,230.9953868,16.0379302,SW,10-20 km/h,125-130 mm
319,2019-05-08 10:00:00,2391,PS190518 - PP1,0.0,601,130.0,6.8421,22.8,240.3555494,14.57695651,WSW,10-20 km/h,125-130 mm
320,2019-05-08 13:00:00,2391,PS190518 - PP1,0.0,601,130.0,6.8421,22.8,251.2219668,16.31859397,WSW,10-20 km/h,125-130 mm
321,2019-05-14 02:00:00,2391,PS190518 - PP1,0.0,609,31.8,6.36,10.2,218.2639888,18.62791379,SW,10-20 km/h,20-35 mm
322,2019-05-14 01:00:00,2391,PS190518 - PP1,0.0,609,31.8,6.36,10.2,220.9464458,18.54572134,SW,10-20 km/h,20-35 mm
323,2019-05-14 04:00:00,2391,PS190518 - PP1,0.0,609,31.8,6.36,10.2,214.2157021,18.68364354,SW,10-20 km/h,20-35 mm
324,2019-05-15 04:00:00,2391,PS190518 - PP1,0.0,611,44.6,4.46,7.6,244.3589942,11.42510989,WSW,10-20 km/h,35-50 mm
325,2019-05-15 07:00:00,2391,PS190518 - PP1,0.0,611,44.6,4.46,7.6,251.3721368,9.673778424,WSW,0-10 km/h,35-50 mm
326,2019-05-15 10:00:00,2391,PS190518 - PP1,0.0,611,44.6,4.46,7.6,252.1038671,10.39075517,WSW,10-20 km/h,35-50 mm
327,2019-05-15 13:00:00,2391,PS190518 - PP1,0.0,611,44.6,4.46,7.6,233.5307656,11.78348811,SW,10-20 km/h,35-50 mm
328,2019-05-17 13:00:00,2391,PS190518 - PP1,0.0,613,78.6,4.6235,5.6,73.12652935,22.71074092,ENE,20-30 km/h,65-80 mm
329,2019-05-17 19:00:00,2391,PS190518 - PP1,0.3,613,78.6,4.6235,5.6,67.1803443,20.44958586,ENE,20-30 km/h,65-80 mm
330,2019-05-17 22:00:00,2391,PS190518 - PP1,0.2,613,78.6,4.6235,5.6,67.4964715,23.41274057,ENE,20-30 km/h,65-80 mm
331,2019-05-18 02:00:00,2391,PS190614 - PP1,0.0,613,78.6,4.6235,5.6,69.19679805,30.74114333,ENE,30-40 km/h,65-80 mm
332,2019-05-18 01:00:00,2391,PS190614 - PP1,0.0,613,78.6,4.6235,5.6,72.34169301,31.23889987,ENE,30-40 km/h,65-80 mm
333,2019-05-18 04:00:00,2391,PS190614 - PP1,0.0,613,78.6,4.6235,5.6,62.17590362,29.34921697,ENE,20-30 km/h,65-80 mm
334,2019-05-18 07:00:00,2391,PS190614 - PP1,0.0,613,78.6,4.6235,5.6,48.90433987,24.60148046,NE,20-30 km/h,65-80 mm
335,2019-05-18 19:00:00,2391,PS190614 - PP1,0.2,616,21.0,1.5,3.8,1.301952673,22.66585152,N,20-30 km/h,20-35 mm
336,2019-05-18 22:00:00,2391,PS190614 - PP1,0.0,616,21.0,1.5,3.8,1.316912406,17.92673501,N,10-20 km/h,20-35 mm
337,2019-05-19 02:00:00,2391,PS190614 - PP1,0.0,616,21.0,1.5,3.8,0.881403997,13.39158452,N,10-20 km/h,20-35 mm
338,2019-05-19 01:00:00,2391,PS190614 - PP1,0.0,616,21.0,1.5,3.8,352.3758075,13.1976726,N,10-20 km/h,20-35 mm
339,2019-05-19 04:00:00,2391,PS190614 - PP1,0.0,616,21.0,1.5,3.8,14.63827854,14.26503519,NNE,10-20 km/h,20-35 mm
340,2019-05-19 07:00:00,2391,PS190614 - PP1,0.0,616,21.0,1.5,3.8,18.71173788,13.48474175,NNE,10-20 km/h,20-35 mm
341,2019-06-04 02:00:00,2391,PS190614 - PP1,0.1,621,6.0,1.0,1.4,267.0262689,39.70847044,W,30-40 km/h,5-20 mm
342,2019-06-04 01:00:00,2391,PS190614 - PP1,0.1,621,6.0,1.0,1.4,267.3974378,40.83011462,W,40-50 km/h,5-20 mm
343,2019-06-04 04:00:00,2391,PS190614 - PP1,0.0,621,6.0,1.0,1.4,265.7524092,38.93795086,W,30-40 km/h,5-20 mm
344,2019-06-04 07:00:00,2391,PS190614 - PP1,0.0,621,6.0,1.0,1.4,260.1939072,42.33350121,W,40-50 km/h,5-20 mm
345,2019-06-05 04:00:00,2391,PS190614 - PP1,0.0,624,5.0,1.6667,2.2,195.8430821,23.76890988,SSW,20-30 km/h,5-20 mm
346,2019-06-05 07:00:00,2391,PS190614 - PP1,0.0,624,5.0,1.6667,2.2,189.2992417,17.84755515,S,10-20 km/h,5-20 mm
347,2019-06-06 02:00:00,2391,PS190614 - PP1,0.0,626,5.4,1.35,2.4,156.4346041,10.56289984,SSE,10-20 km/h,5-20 mm
348,2019-06-06 01:00:00,2391,PS190614 - PP1,0.0,626,5.4,1.35,2.4,152.3279218,9.536821116,SSE,0-10 km/h,5-20 mm
349,2019-06-06 04:00:00,2391,PS190614 - PP1,0.0,626,5.4,1.35,2.4,160.0576154,12.38143974,SSE,10-20 km/h,5-20 mm
350,2019-07-05 04:00:00,2391,PS190709 - PP1,0.2,634,26.2,0.9704,3.0,305.3599481,61.75964516,NW,60-70 km/h,20-35 mm
351,2019-07-05 07:00:00,2391,PS190709 - PP1,0.2,634,26.2,0.9704,3.0,302.1622382,71.78597543,WNW,70-80 km/h,20-35 mm
352,2019-07-05 10:00:00,2391,PS190709 - PP1,0.2,634,26.2,0.9704,3.0,293.7071988,86.84463797,WNW,80-90 km/h,20-35 mm
353,2019-07-05 13:00:00,2391,PS190709 - PP1,0.3,634,26.2,0.9704,3.0,274.4038966,87.18942395,W,80-90 km/h,20-35 mm
354,2019-07-05 19:00:00,2391,PS190709 - PP1,0.6,634,26.2,0.9704,3.0,273.4650552,56.23781135,W,50-60 km/h,20-35 mm
355,2019-07-05 22:00:00,2391,PS190709 - PP1,0.1,634,26.2,0.9704,3.0,283.1340223,57.11403404,WNW,50-60 km/h,20-35 mm
356,2019-07-06 02:00:00,2391,PS190709 - PP1,0.3,634,26.2,0.9704,3.0,282.6907905,55.32356189,WNW,50-60 km/h,20-35 mm
357,2019-07-06 01:00:00,2391,PS190709 - PP1,0.3,634,26.2,0.9704,3.0,282.5866822,55.30102517,WNW,50-60 km/h,20-35 mm
358,2019-07-06 04:00:00,2391,PS190709 - PP1,0.0,634,26.2,0.9704,3.0,282.1323035,54.8889503,WNW,50-60 km/h,20-35 mm
359,2019-07-06 07:00:00,2391,PS190709 - PP1,0.0,634,26.2,0.9704,3.0,277.329324,57.32438142,W,50-60 km/h,20-35 mm
360,2019-08-03 10:00:00,2391,PS190806 - PP1,0.0,642,51.0,1.2143,3.6,325.8608146,25.51116842,NW,20-30 km/h,50-65 mm
361,2019-08-03 13:00:00,2391,PS190806 - PP1,0.0,642,51.0,1.2143,3.6,306.7209488,23.77248033,NW,20-30 km/h,50-65 mm
362,2019-08-03 19:00:00,2391,PS190806 - PP1,1.3,642,51.0,1.2143,3.6,288.6000659,33.90703055,WNW,30-40 km/h,50-65 mm
363,2019-08-03 22:00:00,2391,PS190806 - PP1,0.3,642,51.0,1.2143,3.6,279.5632838,38.4381869,W,30-40 km/h,50-65 mm
364,2019-08-04 02:00:00,2391,PS190806 - PP1,0.7,642,51.0,1.2143,3.6,281.5485215,33.95643039,WNW,30-40 km/h,50-65 mm
365,2019-08-04 01:00:00,2391,PS190806 - PP1,0.7,642,51.0,1.2143,3.6,282.4522347,33.43758216,WNW,30-40 km/h,50-65 mm
366,2019-08-04 04:00:00,2391,PS190806 - PP1,0.0,642,51.0,1.2143,3.6,281.0280367,32.84553562,W,30-40 km/h,50-65 mm
367,2019-08-04 07:00:00,2391,PS190806 - PP1,0.0,642,51.0,1.2143,3.6,286.3895403,25.5523051,WNW,20-30 km/h,50-65 mm
368,2019-08-04 10:00:00,2391,PS190806 - PP1,0.2,642,51.0,1.2143,3.6,298.1528006,21.61184476,WNW,20-30 km/h,50-65 mm
369,2019-08-04 13:00:00,2391,PS190806 - PP1,0.2,642,51.0,1.2143,3.6,319.6138709,20.82460307,NW,20-30 km/h,50-65 mm
370,2019-08-04 19:00:00,2391,PS190806 - PP1,0.3,642,51.0,1.2143,3.6,290.6687581,18.38427377,WNW,10-20 km/h,50-65 mm
371,2019-08-04 22:00:00,2391,PS190806 - PP1,0.0,642,51.0,1.2143,3.6,284.2500327,6.695,WNW,0-10 km/h,50-65 mm
372,2019-08-05 02:00:00,2391,PS190806 - PP1,0.0,642,51.0,1.2143,3.6,71.91655462,5.309247875,ENE,0-10 km/h,50-65 mm
373,2019-08-05 01:00:00,2391,PS190806 - PP1,0.0,642,51.0,1.2143,3.6,92.48955292,4.742476146,E,0-10 km/h,50-65 mm
374,2019-08-05 04:00:00,2391,PS190806 - PP1,0.0,642,51.0,1.2143,3.6,43.85423716,7.284656341,NE,0-10 km/h,50-65 mm
