data;altitude;campanha;rain;evt_id;evt_sum_rain;evt_avg_rain;evt_max_rain;direcao_graus;velocidade_km/h
2018-01-01 22:00:00;2391.0;;0.0;1;19.8;19.8;19.8;241.7537943090816;21.981512800533434
2018-01-03 22:00:00;2391.0;;1.3;6;85.8;4.29;24.2;270.0;21.835999999999608
2018-01-04 02:00:00;2391.0;;1.3;6;85.8;4.29;24.2;278.8107329859847;20.84598879880686
2018-01-04 01:00:00;2391.0;;1.3;6;85.8;4.29;24.2;282.5876933816488;21.74056503405516
2018-01-04 04:00:00;2391.0;;0.3;6;85.8;4.29;24.2;269.0709606805779;19.057505240718392
2018-01-04 07:00:00;2391.0;;1.0;6;85.8;4.29;24.2;253.26124144157072;14.305138971711871
2018-01-04 10:00:00;2391.0;;0.3;6;85.8;4.29;24.2;270.0;8.548999999999836
2018-01-04 13:00:00;2391.0;;0.0;6;85.8;4.29;24.2;1.6846843178926016;3.5035143784490415
2018-01-04 19:00:00;2391.0;;0.0;6;85.8;4.29;24.2;322.08328599975295;12.403270093003485
2018-01-05 19:00:00;2391.0;;0.3;12;18.4;1.84;6.0;322.72661761909757;29.25272534311948
2018-01-05 22:00:00;2391.0;;0.3;12;18.4;1.84;6.0;334.4142684772613;26.950791917863643
2018-01-06 02:00:00;2391.0;PS190210 - PP1;1.1;12;18.4;1.84;6.0;338.713594886341;42.55844833872564
2018-01-06 01:00:00;2391.0;PS190210 - PP1;1.1;12;18.4;1.84;6.0;337.2094091582151;39.88494629556357
2018-01-06 04:00:00;2391.0;PS190210 - PP1;0.2;12;18.4;1.84;6.0;339.83178803094285;46.305230600872484
2018-01-08 19:00:00;2391.0;PS190210 - PP1;0.0;18;30.4;6.08;14.6;28.886581766911693;10.23438600991781
2018-01-08 22:00:00;2391.0;PS190210 - PP1;0.0;18;30.4;6.08;14.6;48.71528910542935;11.239749641339882
2018-01-09 02:00:00;2391.0;PS190210 - PP1;0.0;18;30.4;6.08;14.6;71.25865955480762;18.272850270277914
2018-01-09 01:00:00;2391.0;PS190210 - PP1;0.0;18;30.4;6.08;14.6;73.86441133869458;17.048600323780125
2018-01-12 19:00:00;2391.0;PS190210 - PP1;1.9;20;12.2;6.1;9.6;299.1271609782056;23.700073945032287
2018-01-12 22:00:00;2391.0;PS190210 - PP1;0.3;20;12.2;6.1;9.6;303.69006752597926;22.282306882367283
2018-01-13 22:00:00;2391.0;PS190210 - PP1;0.0;21;15.0;3.75;9.2;310.7108466711807;17.528772290151615
2018-01-14 02:00:00;2391.0;PS190210 - PP1;0.0;21;15.0;3.75;9.2;347.50752442263905;17.618119139113357
2018-01-14 01:00:00;2391.0;PS190210 - PP1;0.0;21;15.0;3.75;9.2;348.8220852174934;17.533613489523315
2018-01-14 04:00:00;2391.0;PS190210 - PP1;0.0;21;15.0;3.75;9.2;341.6686600686881;18.01204677431159
2018-01-14 22:00:00;2391.0;PS190210 - PP1;0.0;23;7.6;2.5333;5.2;304.1012741942472;11.941338660300604
2018-01-15 02:00:00;2391.0;PS190210 - PP1;0.0;23;7.6;2.5333;5.2;326.30993247402114;24.139165789231175
2018-01-15 01:00:00;2391.0;PS190210 - PP1;0.0;23;7.6;2.5333;5.2;332.9643575200275;22.433437832842053
2018-01-15 19:00:00;2391.0;PS190210 - PP1;0.0;25;7.0;1.4;3.2;338.8186504997345;17.674031684932483
2018-01-15 22:00:00;2391.0;PS190210 - PP1;0.0;25;7.0;1.4;3.2;343.3342424831256;16.880062855333126
2018-01-16 02:00:00;2391.0;PS190210 - PP1;0.0;25;7.0;1.4;3.2;355.634742264973;13.53225587254395
2018-01-16 01:00:00;2391.0;PS190210 - PP1;0.0;25;7.0;1.4;3.2;356.8697551377818;13.203700125343653
2018-01-22 19:00:00;2391.0;PS190210 - PP1;0.0;29;6.8;0.85;1.8;271.8328395059411;12.881590313311467
2018-01-22 22:00:00;2391.0;PS190210 - PP1;0.0;29;6.8;0.85;1.8;243.2084844705797;11.654030118375365
2018-01-23 02:00:00;2391.0;PS190210 - PP1;0.0;29;6.8;0.85;1.8;181.36392753159944;4.327226016745759
2018-01-23 01:00:00;2391.0;PS190210 - PP1;0.0;29;6.8;0.85;1.8;193.17255342332174;4.971817575092592
2018-01-23 19:00:00;2391.0;PS190210 - PP1;0.0;30;83.8;27.9333;82.8;142.12501634891117;1.1743806878520069
2018-01-23 22:00:00;2391.0;PS190210 - PP1;0.4;30;83.8;27.9333;82.8;139.70785224437296;6.211677148725945
2018-01-25 19:00:00;2391.0;PS190210 - PP1;0.6;32;49.6;8.2667;29.8;107.52556837372185;4.104520922105671
2018-01-25 22:00:00;2391.0;PS190210 - PP1;0.7;32;49.6;8.2667;29.8;139.93921554212724;5.921380328943556
2018-01-26 19:00:00;2391.0;PS190210 - PP1;0.8;34;14.6;2.92;5.6;195.5241109967547;11.545192765822577
2018-01-26 22:00:00;2391.0;PS190210 - PP1;1.2;35;20.8;4.16;15.4;180.0;13.802000000000035
2018-01-27 02:00:00;2391.0;PS190210 - PP1;1.3;35;20.8;4.16;15.4;158.30489053920363;10.309265832250093
2018-01-27 01:00:00;2391.0;PS190210 - PP1;1.8;35;20.8;4.16;15.4;161.38983527217246;10.650917190552471
2018-01-27 07:00:00;2391.0;PS190210 - PP1;0.0;37;11.4;1.2667;4.0;154.9164059938109;5.345094667075586
2018-01-27 10:00:00;2391.0;PS190210 - PP1;0.0;37;11.4;1.2667;4.0;180.0;5.047000000000313
2018-01-27 13:00:00;2391.0;PS190210 - PP1;0.0;37;11.4;1.2667;4.0;181.39718102729324;4.224255910808467
2018-01-27 19:00:00;2391.0;PS190210 - PP1;0.0;38;16.0;1.7778;3.8;216.15818543980615;3.3168558907494345
2018-01-27 22:00:00;2391.0;PS190210 - PP1;0.3;38;16.0;1.7778;3.8;169.69515353123072;4.6063000336496644
2018-01-28 02:00:00;2391.0;PS190210 - PP1;0.6;38;16.0;1.7778;3.8;143.56914187983975;5.376757852088992
2018-01-28 01:00:00;2391.0;PS190210 - PP1;0.6;38;16.0;1.7778;3.8;156.13982480865596;5.856526018042186
2018-01-29 19:00:00;2391.0;PS190210 - PP1;0.0;39;13.4;2.2333;4.8;295.83053014282274;17.966046448787317
2018-01-29 22:00:00;2391.0;PS190210 - PP1;1.0;39;13.4;2.2333;4.8;286.88033016552316;15.607474139013812
2018-01-30 02:00:00;2391.0;PS190210 - PP1;0.7;39;13.4;2.2333;4.8;290.7255588655604;20.37344165819829
2018-01-30 01:00:00;2391.0;PS190210 - PP1;0.7;39;13.4;2.2333;4.8;283.47315811273097;20.335653911295797
2018-01-30 04:00:00;2391.0;PS190210 - PP1;0.7;40;16.0;4.0;9.6;301.05190381562574;22.963687726495635
2018-01-30 07:00:00;2391.0;PS190210 - PP1;0.7;40;16.0;4.0;9.6;299.67848992513535;33.075992774215784
2018-01-30 10:00:00;2391.0;PS190210 - PP1;0.0;41;37.2;2.0667;7.0;291.284423383599;36.03601871738886
2018-01-30 13:00:00;2391.0;PS190210 - PP1;0.0;41;37.2;2.0667;7.0;277.01650174472263;40.47310262384146
2018-01-30 19:00:00;2391.0;PS190210 - PP1;0.2;41;37.2;2.0667;7.0;254.6273382624781;39.630914763603656
2018-01-30 22:00:00;2391.0;PS190210 - PP1;0.8;41;37.2;2.0667;7.0;238.0117302261485;36.55339252381401
2018-01-31 02:00:00;2391.0;PS190210 - PP1;0.7;41;37.2;2.0667;7.0;234.94762612343445;24.031690181924596
2018-01-31 01:00:00;2391.0;PS190210 - PP1;0.7;41;37.2;2.0667;7.0;232.55316977502898;26.595948300445926
2018-01-31 04:00:00;2391.0;PS190210 - PP1;0.0;41;37.2;2.0667;7.0;243.3041367682166;20.17564673065008
2018-02-03 19:00:00;2391.0;PS190210 - PP1;0.0;48;36.6;2.44;20.4;224.2151753970072;5.317234713646095
2018-02-03 22:00:00;2391.0;PS190210 - PP1;0.0;48;36.6;2.44;20.4;173.4801982483466;3.6284664804845472
2018-02-04 02:00:00;2391.0;PS190210 - PP1;0.2;48;36.6;2.44;20.4;60.52411099676125;2.721228031606514
2018-02-04 01:00:00;2391.0;PS190210 - PP1;0.1;48;36.6;2.44;20.4;98.13010235416412;1.456639969244619
2018-02-04 04:00:00;2391.0;PS190210 - PP1;0.2;48;36.6;2.44;20.4;40.60129464500685;5.697678474606942
2018-02-04 07:00:00;2391.0;PS190210 - PP1;0.3;48;36.6;2.44;20.4;28.21735585473231;9.585089462284579
2018-02-04 10:00:00;2391.0;PS190210 - PP1;0.0;48;36.6;2.44;20.4;40.100907546213385;10.233867695060122
2018-02-04 19:00:00;2391.0;PS190210 - PP1;0.0;49;9.0;1.8;3.4;62.891877129199514;9.719729677311248
2018-02-04 22:00:00;2391.0;PS190210 - PP1;0.7;49;9.0;1.8;3.4;72.74488899790904;14.236746292604618
2018-02-05 01:00:00;2391.0;PS190210 - PP1;0.3;49;9.0;1.8;3.4;62.434874694799596;18.474077243532182
2018-02-05 10:00:00;2391.0;PS190210 - PP1;1.0;52;49.6;2.2545;8.8;48.20521593101361;27.354791116000136
2018-02-05 13:00:00;2391.0;PS190210 - PP1;0.0;52;49.6;2.2545;8.8;19.86141655370005;24.85972801540648
2018-02-05 19:00:00;2391.0;PS190210 - PP1;3.4;52;49.6;2.2545;8.8;333.434948822922;25.334650185072483
2018-02-05 22:00:00;2391.0;PS190210 - PP1;0.5;52;49.6;2.2545;8.8;312.76302093656267;18.65921118375536
2018-02-06 02:00:00;2391.0;PS190210 - PP1;0.0;52;49.6;2.2545;8.8;330.18583726220004;10.56541045108989
2018-02-06 01:00:00;2391.0;PS190210 - PP1;0.0;52;49.6;2.2545;8.8;325.19598824728484;10.286085601432536
2018-02-06 04:00:00;2391.0;PS190210 - PP1;0.3;52;49.6;2.2545;8.8;334.536654938129;11.97859445010098
2018-02-06 07:00:00;2391.0;PS190210 - PP1;0.0;52;49.6;2.2545;8.8;326.3099324740209;16.71173016177521
2018-02-06 10:00:00;2391.0;PS190210 - PP1;0.8;52;49.6;2.2545;8.8;328.6864567298096;14.46737574683101
2018-02-06 19:00:00;2391.0;PS190210 - PP1;0.0;55;11.8;1.0727;3.2;294.14554196042155;19.640347247439315
2018-02-06 22:00:00;2391.0;PS190210 - PP1;0.7;55;11.8;1.0727;3.2;287.76091192493624;13.843828408355744
2018-02-07 02:00:00;2391.0;PS190210 - PP1;0.3;55;11.8;1.0727;3.2;307.613956848731;7.931668802969333
2018-02-07 01:00:00;2391.0;PS190210 - PP1;0.3;55;11.8;1.0727;3.2;287.10272896905144;8.405708774398017
2018-02-07 04:00:00;2391.0;PS190210 - PP1;1.6;55;11.8;1.0727;3.2;333.95818340510596;10.088217731591369
2018-02-07 07:00:00;2391.0;PS190210 - PP1;1.6;55;11.8;1.0727;3.2;324.74364128703684;14.63180166623374
2018-02-16 04:00:00;2391.0;PS190210 - PP1;0.0;63;10.4;5.2;10.0;96.1000599603229;13.569834671063665
2018-02-16 07:00:00;2391.0;PS190210 - PP1;0.0;63;10.4;5.2;10.0;79.72899627952194;15.596934634728758
2018-02-16 19:00:00;2391.0;PS190210 - PP1;0.0;64;44.0;11.0;39.8;5.946863053976707;4.970750546949475
2018-02-16 22:00:00;2391.0;PS190210 - PP1;0.0;64;44.0;11.0;39.8;93.5763343750021;1.6512156128136106
2018-02-18 19:00:00;2391.0;PS190210 - PP1;0.0;68;30.2;7.55;19.2;270.4476141708595;13.18440233761092
2018-02-18 22:00:00;2391.0;PS190210 - PP1;0.9;68;30.2;7.55;19.2;266.7845160082501;9.181454895603293
2018-02-19 01:00:00;2391.0;PS190210 - PP1;0.9;68;30.2;7.55;19.2;271.90915243299526;6.183432380159328
2018-02-22 07:00:00;2391.0;PS190210 - PP1;0.0;74;36.2;7.24;31.6;325.77363818777553;18.31228770525404
2018-02-22 10:00:00;2391.0;PS190210 - PP1;0.0;74;36.2;7.24;31.6;320.9849523151155;18.16132731933391
2018-02-22 19:00:00;2391.0;PS190210 - PP1;0.0;75;7.2;3.6;6.2;303.6239061471732;24.739090545126743
2018-02-22 22:00:00;2391.0;PS190210 - PP1;2.1;75;7.2;3.6;6.2;288.7886219821686;21.106708127985755
2018-02-23 02:00:00;2391.0;PS190210 - PP1;2.1;76;22.8;3.8;20.4;288.96058342937914;17.75219268146855
2018-02-23 01:00:00;2391.0;PS190210 - PP1;2.1;76;22.8;3.8;20.4;290.1648324447345;19.421441398619088
2018-02-23 04:00:00;2391.0;PS190210 - PP1;0.8;76;22.8;3.8;20.4;285.62738373912066;15.294372854092494
2018-02-23 19:00:00;2391.0;PS190210 - PP1;0.4;78;11.0;1.8333;4.2;239.9314171781331;4.522626670420441
2018-02-23 22:00:00;2391.0;PS190210 - PP1;0.0;78;11.0;1.8333;4.2;211.3902681041883;7.118932012598684
2018-02-26 19:00:00;2391.0;PS190210 - PP1;0.2;81;5.6;0.6222;2.2;319.49715161466753;26.00826484023888
2018-02-26 22:00:00;2391.0;PS190210 - PP1;0.2;81;5.6;0.6222;2.2;309.805571092265;26.547038648406694
2018-02-27 02:00:00;2391.0;PS190210 - PP1;0.2;81;5.6;0.6222;2.2;305.746594931768;26.270048534405007
2018-02-27 01:00:00;2391.0;PS190210 - PP1;0.2;81;5.6;0.6222;2.2;303.1649681589912;28.054031172008045
2018-02-27 19:00:00;2391.0;PS190210 - PP1;0.9;82;15.6;3.12;8.0;293.52027273288417;21.680215520146252
2018-02-27 22:00:00;2391.0;PS190210 - PP1;1.3;82;15.6;3.12;8.0;290.01149887810504;17.75816783905349
2018-02-28 02:00:00;2391.0;PS190210 - PP1;0.9;82;15.6;3.12;8.0;295.1374145025185;14.790814345396518
2018-02-28 01:00:00;2391.0;PS190210 - PP1;1.2;82;15.6;3.12;8.0;298.9797076979293;15.306506982325727
2018-02-28 19:00:00;2391.0;PS190210 - PP1;0.0;84;45.0;9.0;40.8;265.9384773226892;17.450826484725276
2018-02-28 22:00:00;2391.0;PS190210 - PP1;2.4;84;45.0;9.0;40.8;245.88580146069214;11.849029749308322
2018-03-01 02:00:00;2391.0;PS190210 - PP1;3.3;84;45.0;9.0;40.8;271.33221985386893;8.860395025053752
2018-03-01 01:00:00;2391.0;PS190210 - PP1;3.3;84;45.0;9.0;40.8;261.7643806757885;7.909568445876266
2018-03-02 19:00:00;2391.0;PS190210 - PP1;0.0;86;32.2;5.3667;20.0;252.19464978548814;14.820909047693457
2018-03-02 22:00:00;2391.0;PS190210 - PP1;0.8;86;32.2;5.3667;20.0;232.46056612616786;12.340242542186857
2018-03-03 02:00:00;2391.0;PS190210 - PP1;2.3;87;5.0;1.25;2.2;248.74949449286672;5.967781245991067
2018-03-03 01:00:00;2391.0;PS190210 - PP1;2.3;87;5.0;1.25;2.2;236.30993247402117;5.941948501964812
2018-03-03 04:00:00;2391.0;PS190210 - PP1;0.3;87;5.0;1.25;2.2;262.64762064010495;6.4389418385319575
2018-03-03 22:00:00;2391.0;PS190210 - PP1;0.2;89;67.8;16.95;27.2;224.9999999999988;12.527103735500921
2018-03-04 19:00:00;2391.0;PS190210 - PP1;0.0;90;64.4;21.4667;62.6;258.4165813953126;16.9277609269509
2018-03-04 22:00:00;2391.0;PS190210 - PP1;0.1;90;64.4;21.4667;62.6;251.42427558931874;13.256624193209975
2018-03-05 22:00:00;2391.0;PS190210 - PP1;0.0;93;16.4;4.1;9.6;243.52706414470313;28.65122323741202
2018-03-06 01:00:00;2391.0;PS190210 - PP1;0.0;93;16.4;4.1;9.6;237.94985447327812;27.95003262967667
2018-03-07 22:00:00;2391.0;PS190210 - PP1;0.6;98;105.2;2.8432;15.0;244.9490221835563;20.919906022733326
2018-03-08 02:00:00;2391.0;PS190210 - PP1;0.6;98;105.2;2.8432;15.0;242.00794695540628;12.947718640748821
2018-03-08 01:00:00;2391.0;PS190210 - PP1;0.6;98;105.2;2.8432;15.0;239.17233770013186;14.873428253096483
2018-03-08 04:00:00;2391.0;PS190210 - PP1;1.4;98;105.2;2.8432;15.0;250.22392339736052;9.741535043307982
2018-03-08 07:00:00;2391.0;PS190210 - PP1;1.4;98;105.2;2.8432;15.0;264.52263127117;7.553489392327286
2018-03-08 10:00:00;2391.0;PS190210 - PP1;0.0;98;105.2;2.8432;15.0;300.9637565320729;6.00588045169028
2018-03-08 13:00:00;2391.0;PS190210 - PP1;0.0;98;105.2;2.8432;15.0;359.4382946674349;10.506504889828632
2018-03-08 19:00:00;2391.0;PS190210 - PP1;0.0;98;105.2;2.8432;15.0;339.7174409110876;5.051202332118356
2018-03-08 22:00:00;2391.0;PS190210 - PP1;0.7;98;105.2;2.8432;15.0;80.07375449335102;4.182611743874749
2018-03-09 02:00:00;2391.0;PS190210 - PP1;0.9;98;105.2;2.8432;15.0;103.60054251665974;6.570237514732405
2018-03-09 01:00:00;2391.0;PS190210 - PP1;0.8;98;105.2;2.8432;15.0;114.30454926593927;7.0070287568981895
2018-03-09 04:00:00;2391.0;PS190210 - PP1;0.3;98;105.2;2.8432;15.0;80.09581678702718;6.587170105591856
2018-03-09 07:00:00;2391.0;PS190210 - PP1;0.6;98;105.2;2.8432;15.0;57.82878287145579;7.544354511818433
2018-03-09 10:00:00;2391.0;PS190210 - PP1;0.1;98;105.2;2.8432;15.0;31.357085224010884;7.719504712091399
2018-03-10 22:00:00;2391.0;PS190210 - PP1;2.6;102;55.8;5.0727;26.4;244.8851651138546;14.560571966787679
2018-03-11 02:00:00;2391.0;PS190210 - PP1;3.1;102;55.8;5.0727;26.4;220.76360520093962;11.831109246389062
2018-03-11 01:00:00;2391.0;PS190210 - PP1;3.1;102;55.8;5.0727;26.4;215.43990351911373;14.032970391189549
2018-03-11 04:00:00;2391.0;PS190210 - PP1;1.5;102;55.8;5.0727;26.4;240.3332847930528;9.364507141329044
2018-03-11 07:00:00;2391.0;PS190210 - PP1;1.6;102;55.8;5.0727;26.4;267.2072976342866;12.684064214595953
2018-03-15 07:00:00;2391.0;PS190210 - PP1;0.0;107;20.4;6.8;14.8;219.09385888622234;2.1233993971931167
2018-03-15 10:00:00;2391.0;PS190210 - PP1;0.0;107;20.4;6.8;14.8;321.9727692860263;10.199080595818378
2018-03-16 19:00:00;2391.0;PS190210 - PP1;0.0;109;7.4;7.4;7.4;234.52466797178832;11.003659254993064
2018-03-20 19:00:00;2391.0;PS190210 - PP1;0.6;114;7.6;3.8;5.2;221.05481377096103;12.702869360896106
2018-03-20 22:00:00;2391.0;PS190210 - PP1;0.0;114;7.6;3.8;5.2;214.32105280346337;12.970231802092167
2018-03-21 22:00:00;2391.0;PS190210 - PP1;0.1;118;9.2;3.0667;7.0;232.77913719091393;26.904104742585233
2018-03-22 19:00:00;2391.0;PS190210 - PP1;0.2;121;30.8;5.1333;9.8;261.4692343900499;2.0830460868637353
2018-03-22 22:00:00;2391.0;PS190210 - PP1;1.6;121;30.8;5.1333;9.8;105.4612177404425;5.022768360177941
2018-03-26 19:00:00;2391.0;PS190210 - PP1;0.0;123;13.2;4.4;11.0;141.34019174590793;3.2976089822782892
2018-03-26 22:00:00;2391.0;PS190210 - PP1;0.0;123;13.2;4.4;11.0;137.12109639666215;7.871248947911677
2018-03-28 19:00:00;2391.0;PS190210 - PP1;0.0;125;12.2;12.2;12.2;53.13010235415672;11.330000000000014
2018-04-04 02:00:00;2391.0;PS190210 - PP1;0.8;134;34.4;6.88;14.4;243.2628899421933;15.339048275560899
2018-04-04 01:00:00;2391.0;PS190210 - PP1;0.8;134;34.4;6.88;14.4;239.03624346792589;17.417053309902546
2018-04-04 04:00:00;2391.0;PS190210 - PP1;0.0;134;34.4;6.88;14.4;255.73548770191982;12.540646554305164
2018-04-04 07:00:00;2391.0;PS190210 - PP1;0.0;134;34.4;6.88;14.4;274.79983611390435;13.540485146404484
2018-04-04 19:00:00;2391.0;PS190210 - PP1;0.0;136;6.4;1.28;3.0;279.60520415501264;13.58038497245151
2018-04-04 22:00:00;2391.0;PS190210 - PP1;0.2;136;6.4;1.28;3.0;278.0490617016744;10.298454884107263
2018-04-05 02:00:00;2391.0;PS190210 - PP1;0.3;136;6.4;1.28;3.0;293.90766049417186;10.928683452273747
2018-04-05 01:00:00;2391.0;PS190210 - PP1;0.3;136;6.4;1.28;3.0;284.71507165059813;10.54279341540907
2018-04-06 22:00:00;2391.0;PS190210 - PP1;0.0;140;8.4;2.1;5.6;323.42696902148424;3.975853367517133
2018-04-07 02:00:00;2391.0;PS190210 - PP1;0.0;140;8.4;2.1;5.6;339.22774531796153;3.194660858369623
2018-04-07 01:00:00;2391.0;PS190210 - PP1;0.0;140;8.4;2.1;5.6;322.30575953331555;2.863696387537933
2018-04-07 04:00:00;2391.0;PS190210 - PP1;0.0;140;8.4;2.1;5.6;354.28940686250337;4.140548755901697
2018-04-07 19:00:00;2391.0;PS190210 - PP1;0.0;142;7.0;3.5;6.0;269.1930705448966;7.313725316143405
2018-04-08 22:00:00;2391.0;PS190210 - PP1;0.0;145;32.8;10.9333;28.2;180.0;9.991000000000135
2018-04-09 01:00:00;2391.0;PS190210 - PP1;0.0;145;32.8;10.9333;28.2;184.19766835715845;11.257197919553663
2018-04-15 13:00:00;2391.0;PS190210 - PP1;0.0;149;67.6;3.38;9.0;138.90854429445906;11.753288433455904
2018-04-15 19:00:00;2391.0;PS190210 - PP1;0.0;149;67.6;3.38;9.0;123.26142879327666;11.45571167584131
2018-04-15 22:00:00;2391.0;PS190210 - PP1;1.0;149;67.6;3.38;9.0;129.20720350496674;15.15360699635603
2018-04-16 02:00:00;2391.0;PS190210 - PP1;1.2;149;67.6;3.38;9.0;132.51044707799983;15.09046669258475
2018-04-16 01:00:00;2391.0;PS190210 - PP1;1.2;149;67.6;3.38;9.0;133.08171967485285;15.230423007914622
2018-04-16 04:00:00;2391.0;PS190210 - PP1;0.2;149;67.6;3.38;9.0;132.24751459973092;15.166553266975475
2018-04-16 07:00:00;2391.0;PS190210 - PP1;0.2;149;67.6;3.38;9.0;134.4929709390846;16.460676170802184
2018-04-16 10:00:00;2391.0;PS190210 - PP1;0.0;149;67.6;3.38;9.0;138.5035316447856;14.30180128515299
2018-04-16 19:00:00;2391.0;PS190210 - PP1;0.1;150;27.6;3.9429;7.4;152.1524217402113;18.521966229318473
2018-04-16 22:00:00;2391.0;PS190210 - PP1;0.1;150;27.6;3.9429;7.4;146.55100726252527;20.368494151507953
2018-04-17 02:00:00;2391.0;PS190210 - PP1;0.0;151;9.4;1.88;3.8;143.37867250621633;18.993378741024696
2018-04-17 01:00:00;2391.0;PS190210 - PP1;0.0;150;27.6;3.9429;7.4;144.95807059845995;19.373859192221076
2018-04-17 04:00:00;2391.0;PS190210 - PP1;0.0;151;9.4;1.88;3.8;141.13968239992397;18.38629340024827
2018-04-17 07:00:00;2391.0;PS190210 - PP1;0.0;151;9.4;1.88;3.8;141.44541803625984;17.517571892246117
2018-04-27 10:00:00;2391.0;PS190210 - PP1;0.0;156;6.4;2.1333;3.4;89.24615166692966;15.657355204503832
2018-04-27 13:00:00;2391.0;PS190210 - PP1;0.0;156;6.4;2.1333;3.4;90.71615994547128;16.481287449711342
2018-05-02 22:00:00;2391.0;PS190210 - PP1;0.0;159;42.4;14.1333;25.0;109.29004621919282;4.365061740685936
2018-05-03 01:00:00;2391.0;PS190210 - PP1;0.0;159;42.4;14.1333;25.0;117.34987578006798;3.362914509767133
2018-05-06 19:00:00;2391.0;PS190210 - PP1;0.0;163;18.6;9.3;17.0;192.32777071131736;15.92008197215078
2018-05-06 22:00:00;2391.0;PS190210 - PP1;0.0;163;18.6;9.3;17.0;176.7845160082524;18.362909791206913
2018-05-07 19:00:00;2391.0;PS190210 - PP1;0.0;165;76.4;15.28;29.2;154.45797901158963;12.899696314255223
2018-05-07 22:00:00;2391.0;PS190210 - PP1;0.0;165;76.4;15.28;29.2;156.90870482818224;14.444258167175056
2018-05-08 19:00:00;2391.0;PS190210 - PP1;0.0;167;49.2;4.4727;19.4;115.40771810894849;13.683502512149957
2018-05-08 22:00:00;2391.0;PS190210 - PP1;0.0;167;49.2;4.4727;19.4;129.63436907335935;13.240608936148261
2018-05-09 02:00:00;2391.0;PS190210 - PP1;0.0;167;49.2;4.4727;19.4;156.92177859395974;12.875411993408377
2018-05-09 01:00:00;2391.0;PS190210 - PP1;0.0;167;49.2;4.4727;19.4;156.0837545823802;12.957547375950703
2018-05-09 04:00:00;2391.0;PS190210 - PP1;0.0;167;49.2;4.4727;19.4;157.1663458220818;12.740396383158716
2018-05-13 02:00:00;2391.0;PS190210 - PP1;0.0;169;13.8;1.5333;3.2;281.0409401803236;17.21055722514542
2018-05-13 04:00:00;2391.0;PS190210 - PP1;0.0;169;13.8;1.5333;3.2;277.7651660184245;16.008797987356417
2018-05-13 07:00:00;2391.0;PS190210 - PP1;0.0;169;13.8;1.5333;3.2;272.6718645932718;15.466814183922788
2018-05-13 10:00:00;2391.0;PS190210 - PP1;0.0;169;13.8;1.5333;3.2;279.4623222080256;16.289638056138507
2018-05-13 13:00:00;2391.0;PS190210 - PP1;0.0;169;13.8;1.5333;3.2;289.1336432059051;21.36846648685835
2018-05-13 22:00:00;2391.0;PS190210 - PP1;0.0;171;7.8;0.78;2.0;277.05230600784057;20.134326609052017
2018-05-14 02:00:00;2391.0;PS190210 - PP1;0.0;171;7.8;0.78;2.0;261.0062076012433;14.495214555155387
2018-05-14 01:00:00;2391.0;PS190210 - PP1;0.0;171;7.8;0.78;2.0;262.87498365109786;17.438663509569697
2018-05-14 04:00:00;2391.0;PS190210 - PP1;0.0;171;7.8;0.78;2.0;261.2538377374431;9.483274381773573
2018-05-14 07:00:00;2391.0;PS190210 - PP1;0.0;171;7.8;0.78;2.0;301.09731288577865;7.578028569489786
2018-05-19 19:00:00;2391.0;PS190210 - PP1;0.0;175;21.6;10.8;21.2;298.02760439617595;54.14166367041178
2018-05-19 22:00:00;2391.0;PS190210 - PP1;0.8;175;21.6;10.8;21.2;296.565051177078;54.81497040042974
2018-06-03 19:00:00;2391.0;PS190210 - PP1;0.0;186;22.8;1.7538;4.2;247.19262226120006;21.788578223463837
2018-06-03 22:00:00;2391.0;PS190210 - PP1;0.0;186;22.8;1.7538;4.2;250.95337570236413;18.306203647943974
2018-06-04 02:00:00;2391.0;PS190210 - PP1;0.0;186;22.8;1.7538;4.2;261.9121200254616;19.76660974977731
2018-06-04 01:00:00;2391.0;PS190210 - PP1;0.0;186;22.8;1.7538;4.2;260.90972307917684;18.25426199549001
2018-06-04 04:00:00;2391.0;PS190210 - PP1;0.0;186;22.8;1.7538;4.2;261.1353766115884;22.725450930619292
2018-06-04 07:00:00;2391.0;PS190210 - PP1;0.0;186;22.8;1.7538;4.2;250.86635679409414;26.710583108573054
2018-06-04 10:00:00;2391.0;PS190210 - PP1;0.0;186;22.8;1.7538;4.2;241.78730120284877;27.234493312708885
2018-06-04 13:00:00;2391.0;PS190210 - PP1;0.0;187;8.2;1.025;3.0;237.26477372789188;23.99966308096834
2018-06-04 19:00:00;2391.0;PS190210 - PP1;0.0;187;8.2;1.025;3.0;245.5740344747263;27.15002631674626
2018-06-04 22:00:00;2391.0;PS190210 - PP1;0.0;188;7.0;1.75;2.2;242.63799556229668;29.80564446543634
2018-06-08 19:00:00;2391.0;PS190210 - PP1;0.0;194;6.4;0.5333;1.0;282.556955965061;45.480886018194234
2018-06-08 22:00:00;2391.0;PS190210 - PP1;0.0;194;6.4;0.5333;1.0;282.1460973674942;40.14159893427262
2018-06-09 02:00:00;2391.0;PS190210 - PP1;0.0;194;6.4;0.5333;1.0;281.58341860468704;33.855521853901
2018-06-09 01:00:00;2391.0;PS190210 - PP1;0.0;194;6.4;0.5333;1.0;283.6713071321958;35.299108345679045
2018-06-09 04:00:00;2391.0;PS190210 - PP1;0.0;194;6.4;0.5333;1.0;276.3815605325932;31.507226917010836
2018-06-14 13:00:00;2391.0;PS190210 - PP1;0.0;200;28.6;1.5889;4.4;249.02650657867756;13.237002832967754
2018-06-14 19:00:00;2391.0;PS190210 - PP1;0.0;200;28.6;1.5889;4.4;330.1409838350771;12.82670542267148
2018-06-14 22:00:00;2391.0;PS190210 - PP1;0.0;200;28.6;1.5889;4.4;323.43690413140575;15.388420614214796
2018-06-15 02:00:00;2391.0;PS190210 - PP1;0.0;200;28.6;1.5889;4.4;296.56505117707707;20.267720148058153
2018-06-15 01:00:00;2391.0;PS190210 - PP1;0.0;200;28.6;1.5889;4.4;297.0955524937515;19.900069145608125
2018-06-15 04:00:00;2391.0;PS190210 - PP1;0.0;200;28.6;1.5889;4.4;297.70574561069094;20.824603069446557
2018-07-10 19:00:00;2391.0;PS190210 - PP1;0.0;216;19.6;1.5077;6.0;307.4969126089504;45.178505254158075
2018-07-10 22:00:00;2391.0;PS190210 - PP1;0.5;216;19.6;1.5077;6.0;307.0858354909524;49.193149370618706
2018-07-11 02:00:00;2391.0;PS190210 - PP1;0.5;216;19.6;1.5077;6.0;301.55138494831334;62.00514451237063
2018-07-11 01:00:00;2391.0;PS190210 - PP1;0.6;216;19.6;1.5077;6.0;302.13829609130715;61.18451425810288
2018-07-11 04:00:00;2391.0;PS190210 - PP1;0.2;216;19.6;1.5077;6.0;299.1713691253372;63.81720743655242
2018-07-11 07:00:00;2391.0;PS190210 - PP1;0.0;216;19.6;1.5077;6.0;291.58847589444014;66.90537820683757
2018-07-24 22:00:00;2391.0;PS190210 - PP1;0.0;220;32.8;5.4667;27.0;25.602187551445724;5.482271153454544
2018-07-25 02:00:00;2391.0;PS190210 - PP1;0.0;220;32.8;5.4667;27.0;72.64597536373927;8.632973126333496
2018-07-25 01:00:00;2391.0;PS190210 - PP1;0.0;220;32.8;5.4667;27.0;71.84729411334921;6.612086584430044
2018-07-25 04:00:00;2391.0;PS190210 - PP1;0.0;220;32.8;5.4667;27.0;74.12405349477825;11.672222496165984
2018-07-31 19:00:00;2391.0;PS190210 - PP1;0.0;222;10.2;1.7;4.2;271.4426998372088;69.54704613425332
2018-07-31 22:00:00;2391.0;PS190210 - PP1;0.0;222;10.2;1.7;4.2;269.8169470141563;64.47832907264245
2018-08-01 19:00:00;2391.0;PS180901 - PP1;0.0;225;6.4;1.0667;2.2;285.49927537650063;25.439123412570574
2018-08-01 22:00:00;2391.0;PS180901 - PP1;0.0;225;6.4;1.0667;2.2;279.73338241883584;28.63418525119935
2018-08-02 02:00:00;2391.0;PS180901 - PP1;0.0;225;6.4;1.0667;2.2;274.30446896050745;28.81828825589711
2018-08-02 01:00:00;2391.0;PS180901 - PP1;0.0;225;6.4;1.0667;2.2;272.6025622024992;27.220076414293466
2018-08-02 04:00:00;2391.0;PS180901 - PP1;0.1;226;8.0;1.3333;4.0;276.1218853639324;32.838267387302885
2018-08-02 07:00:00;2391.0;PS180901 - PP1;0.0;226;8.0;1.3333;4.0;270.29609958366865;39.86153229618756
2018-08-03 19:00:00;2391.0;PS180901 - PP1;0.0;230;30.8;1.925;6.2;333.2726382669857;16.260304363694786
2018-08-03 22:00:00;2391.0;PS180901 - PP1;0.0;230;30.8;1.925;6.2;338.962488974578;20.084735895699378
2018-08-04 02:00:00;2391.0;PS180901 - PP1;0.0;230;30.8;1.925;6.2;292.2905824841937;35.84459194913459
2018-08-04 01:00:00;2391.0;PS180901 - PP1;0.0;230;30.8;1.925;6.2;304.5483670560112;30.513043768198482
2018-08-04 04:00:00;2391.0;PS180901 - PP1;0.0;230;30.8;1.925;6.2;280.3867142343594;45.13257380207749
2018-08-04 07:00:00;2391.0;PS180901 - PP1;0.0;230;30.8;1.925;6.2;272.4341849716818;50.927953944763935
2018-08-04 10:00:00;2391.0;PS180901 - PP1;0.0;230;30.8;1.925;6.2;271.4878675288274;47.602049241602636
2018-08-06 22:00:00;2391.0;PS180901 - PP1;0.7;234;18.2;2.6;7.0;302.96592151244243;38.4257648199748
2018-08-07 02:00:00;2391.0;PS180901 - PP1;0.6;234;18.2;2.6;7.0;291.3457866490897;38.483975886074845
2018-08-07 01:00:00;2391.0;PS180901 - PP1;0.6;234;18.2;2.6;7.0;291.44773632710513;37.18285734044633
2018-08-07 04:00:00;2391.0;PS180901 - PP1;0.6;234;18.2;2.6;7.0;291.1485687849523;41.96652810276254
2018-08-17 19:00:00;2391.0;PS180901 - PP1;0.0;242;27.8;3.9714;7.8;230.8394923115176;12.885295883292851
2018-08-17 22:00:00;2391.0;PS180901 - PP1;0.0;242;27.8;3.9714;7.8;204.94390526342357;9.769266297936763
2018-08-18 02:00:00;2391.0;PS180901 - PP1;0.0;242;27.8;3.9714;7.8;164.32047587758296;6.097913167633827
2018-08-18 01:00:00;2391.0;PS180901 - PP1;0.0;242;27.8;3.9714;7.8;181.7623910236625;6.698168481010452
2018-08-26 13:00:00;2391.0;PS180901 - PP1;0.0;245;17.2;1.4333;2.8;295.39930957077706;15.848952425948731
2018-08-26 19:00:00;2391.0;PS180901 - PP1;0.0;245;17.2;1.4333;2.8;300.9637565320732;24.624109851931422
2018-08-26 22:00:00;2391.0;PS180901 - PP1;0.0;245;17.2;1.4333;2.8;293.98687015587797;24.576456152179034
2018-08-27 02:00:00;2391.0;PS180901 - PP1;0.0;245;17.2;1.4333;2.8;289.42555522789905;22.607972089508568
2018-08-27 01:00:00;2391.0;PS180901 - PP1;0.0;245;17.2;1.4333;2.8;288.985097150432;23.745688892933437
2018-09-04 02:00:00;2391.0;PS181001 - PP1;0.0;250;5.0;2.5;2.8;322.19347005529585;45.367261720319526
2018-09-04 04:00:00;2391.0;PS181001 - PP1;0.1;250;5.0;2.5;2.8;316.89338584574637;52.90491502686676
2018-09-14 22:00:00;2391.0;PS181001 - PP1;0.2;261;32.6;2.7167;8.6;323.1301023541555;42.74499999999991
2018-09-15 02:00:00;2391.0;PS181001 - PP1;0.0;261;32.6;2.7167;8.6;318.9206825292536;46.8678295849082
2018-09-15 01:00:00;2391.0;PS181001 - PP1;0.0;261;32.6;2.7167;8.6;327.10709998494514;47.22592120859048
2018-09-15 04:00:00;2391.0;PS181001 - PP1;3.9;261;32.6;2.7167;8.6;300.11168665387606;49.889653135695035
2018-09-15 07:00:00;2391.0;PS181001 - PP1;2.8;261;32.6;2.7167;8.6;278.244865905261;58.17831707775647
2018-09-15 10:00:00;2391.0;PS181001 - PP1;0.0;261;32.6;2.7167;8.6;274.2442258356413;55.66966578847062
2018-09-16 02:00:00;2391.0;PS181001 - PP1;0.0;263;8.2;1.3667;4.6;272.01544207973984;35.1447410717451
2018-09-16 01:00:00;2391.0;PS181001 - PP1;0.0;263;8.2;1.3667;4.6;270.68003666544234;34.71344501774453
2018-09-16 04:00:00;2391.0;PS181001 - PP1;0.0;263;8.2;1.3667;4.6;272.749380022124;36.504019573192124
2018-09-17 19:00:00;2391.0;PS181001 - PP1;0.0;266;15.4;1.925;8.2;294.0713334095884;55.0513561322516
2018-09-17 22:00:00;2391.0;PS181001 - PP1;0.5;266;15.4;1.925;8.2;288.23007801721474;54.65525910651202
2018-09-21 22:00:00;2391.0;PS181001 - PP1;0.0;276;9.6;2.4;4.6;261.28135071468785;32.615889639867525
2018-09-22 01:00:00;2391.0;PS181001 - PP1;0.0;276;9.6;2.4;4.6;251.03577496687626;28.208087811831664
2018-09-27 22:00:00;2391.0;PS181001 - PP1;0.0;278;17.0;2.8333;4.6;284.50016676655207;18.5116533297271
2018-09-28 02:00:00;2391.0;PS181001 - PP1;0.2;278;17.0;2.8333;4.6;300.0685828218627;15.829193346471719
2018-09-28 01:00:00;2391.0;PS181001 - PP1;0.2;278;17.0;2.8333;4.6;298.3833541415294;14.517154852105367
2018-09-28 04:00:00;2391.0;PS181001 - PP1;0.2;278;17.0;2.8333;4.6;295.3621669489308;17.553871510296045
2018-10-05 07:00:00;2391.0;PS181102 - PP1;0.0;289;38.4;2.56;5.2;241.64503821467497;14.747355695174502
2018-10-05 10:00:00;2391.0;PS181102 - PP1;0.2;289;38.4;2.56;5.2;245.3361852875354;11.107297646142356
2018-10-05 13:00:00;2391.0;PS181102 - PP1;0.3;289;38.4;2.56;5.2;276.7098368077559;15.867684046513993
2018-10-05 19:00:00;2391.0;PS181102 - PP1;0.0;289;38.4;2.56;5.2;282.6678748620627;23.014220060649087
2018-10-05 22:00:00;2391.0;PS181102 - PP1;0.0;289;38.4;2.56;5.2;271.60386277115447;25.760092022351156
2018-10-06 22:00:00;2391.0;PS181102 - PP1;0.0;290;11.0;1.8333;3.6;276.1269330054936;18.335735872879436
2018-10-07 02:00:00;2391.0;PS181102 - PP1;0.0;290;11.0;1.8333;3.6;263.14023999447323;13.797771740393017
2018-10-07 01:00:00;2391.0;PS181102 - PP1;0.0;290;11.0;1.8333;3.6;260.0557057368134;16.10394377163522
2018-10-07 04:00:00;2391.0;PS181102 - PP1;0.0;290;11.0;1.8333;3.6;273.9259077036829;10.53071113458121
2018-10-11 02:00:00;2391.0;PS181102 - PP1;0.9;293;12.6;2.1;6.2;188.23561932420623;7.90956844587616
2018-10-11 04:00:00;2391.0;PS181102 - PP1;0.0;293;12.6;2.1;6.2;187.73359809901956;8.419580630886806
2018-10-11 07:00:00;2391.0;PS181102 - PP1;0.0;293;12.6;2.1;6.2;147.44999650780596;5.743115966093782
2018-10-11 10:00:00;2391.0;PS181102 - PP1;0.3;293;12.6;2.1;6.2;139.60009566626422;6.356860939174292
2018-10-11 19:00:00;2391.0;PS181102 - PP1;0.0;295;33.0;2.75;6.2;52.305759533309775;2.8636963875381567
2018-10-11 22:00:00;2391.0;PS181102 - PP1;0.0;295;33.0;2.75;6.2;86.42366562500503;3.3024312256279287
2018-10-12 02:00:00;2391.0;PS181102 - PP1;0.0;295;33.0;2.75;6.2;68.45902408146742;4.207899832458244
2018-10-12 01:00:00;2391.0;PS181102 - PP1;0.0;295;33.0;2.75;6.2;83.29016319224655;3.526152010336343
2018-10-12 04:00:00;2391.0;PS181102 - PP1;0.0;295;33.0;2.75;6.2;54.92624550665597;5.91510625432904
2018-10-13 22:00:00;2391.0;PS181102 - PP1;0.0;296;11.0;2.75;4.8;231.11550356628564;20.509676984292167
2018-10-14 02:00:00;2391.0;PS181102 - PP1;0.0;296;11.0;2.75;4.8;247.30620505490677;18.421169181135078
2018-10-14 01:00:00;2391.0;PS181102 - PP1;0.0;296;11.0;2.75;4.8;242.70042778866758;14.372837159030441
2018-10-14 04:00:00;2391.0;PS181102 - PP1;0.5;296;11.0;2.75;4.8;249.71744091108295;25.256011660592538
2018-10-14 19:00:00;2391.0;PS181102 - PP1;0.0;299;11.6;0.8923;1.8;247.60039645422185;32.9760898227791
2018-10-14 22:00:00;2391.0;PS181102 - PP1;0.0;299;11.6;0.8923;1.8;247.64030582462976;31.407400720212216
2018-10-15 02:00:00;2391.0;PS181102 - PP1;0.0;299;11.6;0.8923;1.8;256.79207153722024;31.104806268485017
2018-10-15 01:00:00;2391.0;PS181102 - PP1;0.0;299;11.6;0.8923;1.8;257.67840939646976;30.89055689041548
2018-10-15 04:00:00;2391.0;PS181102 - PP1;0.0;299;11.6;0.8923;1.8;256.05307178242924;32.05087925471003
2018-10-19 13:00:00;2391.0;PS181102 - PP1;0.0;307;129.8;5.4083;17.0;223.23514220148806;26.013363200478533
2018-10-19 19:00:00;2391.0;PS181102 - PP1;0.0;307;129.8;5.4083;17.0;231.65208730152577;29.550231488095147
2018-10-19 22:00:00;2391.0;PS181102 - PP1;0.0;307;129.8;5.4083;17.0;221.97338629446418;31.726173626833663
2018-10-20 02:00:00;2391.0;PS181102 - PP1;0.0;307;129.8;5.4083;17.0;223.53801210121986;31.400813190107105
2018-10-20 01:00:00;2391.0;PS181102 - PP1;0.0;307;129.8;5.4083;17.0;224.7347436566232;31.463760519047845
2018-10-20 04:00:00;2391.0;PS181102 - PP1;0.0;307;129.8;5.4083;17.0;220.29214775562775;31.058385743628133
2018-10-20 07:00:00;2391.0;PS181102 - PP1;0.0;307;129.8;5.4083;17.0;213.39258432420448;27.51044968734621
2018-10-20 10:00:00;2391.0;PS181102 - PP1;0.0;307;129.8;5.4083;17.0;216.48601207024885;24.596952087606063
2018-10-20 13:00:00;2391.0;PS181102 - PP1;0.0;307;129.8;5.4083;17.0;217.3931322280268;22.55794061965761
2018-10-25 07:00:00;2391.0;PS181102 - PP1;1.1;314;9.4;0.8545;2.0;331.10358373618715;18.117755628112473
2018-10-25 10:00:00;2391.0;PS181102 - PP1;0.2;314;9.4;0.8545;2.0;307.775684305955;20.849805370793877
2018-10-25 13:00:00;2391.0;PS181102 - PP1;0.0;314;9.4;0.8545;2.0;317.67855125544355;24.935787334671886
2018-10-29 04:00:00;2391.0;PS181102 - PP1;0.0;328;5.8;0.725;1.6;290.8285557902065;30.415709904586656
2018-10-29 07:00:00;2391.0;PS181102 - PP1;0.0;328;5.8;0.725;1.6;295.6768156818382;35.65704693324981
2018-10-29 10:00:00;2391.0;PS181102 - PP1;0.0;328;5.8;0.725;1.6;300.06858282186204;36.181013363365146
2018-11-04 19:00:00;2391.0;PS181203 - PP1;0.1;337;45.8;2.181;6.4;291.8663706597784;16.869689534784072
2018-11-04 22:00:00;2391.0;PS181203 - PP1;0.0;337;45.8;2.181;6.4;288.3084682788945;14.754907285374102
2018-11-05 02:00:00;2391.0;PS181203 - PP1;0.0;337;45.8;2.181;6.4;292.4964715002317;11.036871748824037
2018-11-05 01:00:00;2391.0;PS181203 - PP1;0.0;337;45.8;2.181;6.4;298.00917670801215;10.96647728306585
2018-11-05 04:00:00;2391.0;PS181203 - PP1;0.2;337;45.8;2.181;6.4;290.4328286793994;11.211397415130426
2018-11-05 07:00:00;2391.0;PS181203 - PP1;0.2;337;45.8;2.181;6.4;314.22577983507233;10.780119943673554
2018-11-05 10:00:00;2391.0;PS181203 - PP1;0.0;337;45.8;2.181;6.4;326.15465973892645;10.541283887648493
2018-11-05 13:00:00;2391.0;PS181203 - PP1;0.0;337;45.8;2.181;6.4;328.4258092497158;11.606139452892897
2018-11-07 19:00:00;2391.0;PS181203 - PP1;0.0;343;52.8;4.4;19.4;337.3801350519728;1.3389999999995255
2018-11-07 22:00:00;2391.0;PS181203 - PP1;0.3;343;52.8;4.4;19.4;129.01940047523698;7.689210427605709
2018-11-08 02:00:00;2391.0;PS181203 - PP1;0.0;343;52.8;4.4;19.4;104.7229750617507;14.590050890932574
2018-11-08 01:00:00;2391.0;PS181203 - PP1;0.0;343;52.8;4.4;19.4;113.46607586967443;14.484964376897688
2018-11-08 04:00:00;2391.0;PS181203 - PP1;1.6;343;52.8;4.4;19.4;91.16124190831403;15.247131435126091
2018-11-08 07:00:00;2391.0;PS181203 - PP1;2.6;344;54.2;2.581;13.6;85.46773829129923;16.944987016814284
2018-11-08 10:00:00;2391.0;PS181203 - PP1;1.3;344;54.2;2.581;13.6;98.20990143837066;20.91737024580294
2018-11-08 13:00:00;2391.0;PS181203 - PP1;1.8;344;54.2;2.581;13.6;119.38060786128933;28.132390584520163
2018-11-08 19:00:00;2391.0;PS181203 - PP1;0.0;344;54.2;2.581;13.6;98.01325184414142;21.427218508243513
2018-11-08 22:00:00;2391.0;PS181203 - PP1;1.2;344;54.2;2.581;13.6;94.48841683624488;30.271838431122696
2018-11-09 02:00:00;2391.0;PS181203 - PP1;2.0;344;54.2;2.581;13.6;84.91377829036551;39.50154072944475
2018-11-09 01:00:00;2391.0;PS181203 - PP1;2.0;344;54.2;2.581;13.6;86.77763404569889;38.47984056619751
2018-11-15 19:00:00;2391.0;PS181203 - PP1;0.0;351;18.6;6.2;10.6;256.192480983799;12.515665583579853
2018-11-16 19:00:00;2391.0;PS181203 - PP1;0.8;354;21.0;1.9091;5.2;187.9434718105902;4.471908429295327
2018-11-16 22:00:00;2391.0;PS181203 - PP1;0.0;354;21.0;1.9091;5.2;144.91652612090942;10.572938711635596
2018-11-17 02:00:00;2391.0;PS181203 - PP1;0.0;354;21.0;1.9091;5.2;98.25252904713689;13.634181236876728
2018-11-17 01:00:00;2391.0;PS181203 - PP1;0.0;354;21.0;1.9091;5.2;108.04341200533264;14.299204768098003
2018-11-19 19:00:00;2391.0;PS181203 - PP1;1.3;357;82.2;3.288;12.8;254.17169340374733;20.76951008088494
2018-11-19 22:00:00;2391.0;PS181203 - PP1;0.7;357;82.2;3.288;12.8;234.46232220802523;12.4045530350754
2018-11-20 02:00:00;2391.0;PS181203 - PP1;1.4;357;82.2;3.288;12.8;322.25319461272323;8.076145862971936
2018-11-20 01:00:00;2391.0;PS181203 - PP1;1.4;357;82.2;3.288;12.8;308.6598082540908;8.573783353922375
2018-11-20 04:00:00;2391.0;PS181203 - PP1;0.0;357;82.2;3.288;12.8;342.22867917709203;8.43657400844669
2018-11-20 07:00:00;2391.0;PS181203 - PP1;0.0;357;82.2;3.288;12.8;332.74467162505607;11.47051951744133
2018-11-20 10:00:00;2391.0;PS181203 - PP1;0.0;357;82.2;3.288;12.8;340.72390114653206;19.968456750585396
2018-11-20 13:00:00;2391.0;PS181203 - PP1;0.0;357;82.2;3.288;12.8;337.16634582208263;27.60419216351019
2018-11-20 19:00:00;2391.0;PS181203 - PP1;0.0;358;6.2;1.0333;2.0;314.0608090542639;22.216744248426664
2018-11-20 22:00:00;2391.0;PS181203 - PP1;0.2;358;6.2;1.0333;2.0;319.0495817032719;16.501230075360734
2018-11-21 01:00:00;2391.0;PS181203 - PP1;0.3;358;6.2;1.0333;2.0;351.43911042883576;19.373859192220817
2018-11-26 19:00:00;2391.0;PS181203 - PP1;0.0;367;23.6;2.6222;16.4;97.59464336860033;1.5586728328935116
2018-11-26 22:00:00;2391.0;PS181203 - PP1;0.3;367;23.6;2.6222;16.4;130.17923392190647;6.066516380922566
2018-11-27 02:00:00;2391.0;PS181203 - PP1;0.2;367;23.6;2.6222;16.4;58.44861505168738;13.778921002749483
2018-11-27 01:00:00;2391.0;PS181203 - PP1;0.2;367;23.6;2.6222;16.4;59.77816173293827;12.277755535927636
2018-11-27 04:00:00;2391.0;PS181203 - PP1;0.0;367;23.6;2.6222;16.4;54.71325102494118;16.403861618533746
2018-11-27 22:00:00;2391.0;PS181203 - PP1;0.0;369;11.8;1.9667;5.6;97.66680426181581;10.80862192881216
2018-11-28 02:00:00;2391.0;PS181203 - PP1;0.0;369;11.8;1.9667;5.6;88.02506598911795;17.932652006883927
2018-11-28 01:00:00;2391.0;PS181203 - PP1;0.1;369;11.8;1.9667;5.6;90.33703010985822;17.510302938556094
2018-11-28 04:00:00;2391.0;PS181203 - PP1;0.0;369;11.8;1.9667;5.6;83.41805534482292;18.87037585741225
2018-11-28 19:00:00;2391.0;PS181203 - PP1;0.0;370;7.0;2.3333;4.6;60.94539590092463;13.785848758781878
2018-11-28 22:00:00;2391.0;PS181203 - PP1;0.0;370;7.0;2.3333;4.6;70.41600622975214;11.369725810238235
2018-12-02 19:00:00;2391.0;PS181203 - PP1;0.0;382;13.8;1.38;4.6;254.46263836067104;23.840217217970075
2018-12-02 22:00:00;2391.0;PS181203 - PP1;0.3;382;13.8;1.38;4.6;239.89134086419213;20.121940388540917
2018-12-03 02:00:00;2391.0;PS190210 - PP1;0.4;382;13.8;1.38;4.6;226.75340486007056;14.281758785247808
2018-12-03 01:00:00;2391.0;PS190210 - PP1;0.4;382;13.8;1.38;4.6;224.99999999999898;14.712063689367433
2018-12-03 04:00:00;2391.0;PS190210 - PP1;0.0;382;13.8;1.38;4.6;226.4688007143855;14.20690765085801
2018-12-05 19:00:00;2391.0;PS190210 - PP1;0.0;388;10.8;5.4;8.2;245.64201031563698;22.725917759245817
2018-12-06 22:00:00;2391.0;PS190210 - PP1;0.0;391;8.6;1.075;5.0;286.6750176901883;23.332171480597154
2018-12-07 02:00:00;2391.0;PS190210 - PP1;0.1;391;8.6;1.075;5.0;285.6928342769367;22.46746156111101
2018-12-07 01:00:00;2391.0;PS190210 - PP1;0.1;391;8.6;1.075;5.0;285.53852502903186;21.916018479641572
2018-12-07 04:00:00;2391.0;PS190210 - PP1;0.0;391;8.6;1.075;5.0;284.7561525483119;23.858900079424888
2018-12-07 07:00:00;2391.0;PS190210 - PP1;0.0;392;15.2;7.6;13.4;282.9465095156369;27.584199988398694
2018-12-07 10:00:00;2391.0;PS190210 - PP1;0.0;392;15.2;7.6;13.4;290.28682311953406;28.22162408508742
2018-12-08 02:00:00;2391.0;PS190210 - PP1;0.4;394;56.8;3.3412;7.8;256.3668864110079;28.404292650935805
2018-12-08 01:00:00;2391.0;PS190210 - PP1;0.4;394;56.8;3.3412;7.8;256.85275762473054;28.981645018873675
2018-12-08 04:00:00;2391.0;PS190210 - PP1;0.0;394;56.8;3.3412;7.8;253.02671623180674;26.81503669585431
2018-12-08 07:00:00;2391.0;PS190210 - PP1;0.0;394;56.8;3.3412;7.8;240.0684881594921;23.53273889711955
2018-12-08 10:00:00;2391.0;PS190210 - PP1;0.0;394;56.8;3.3412;7.8;235.0493485881243;23.37351201681097
2018-12-08 13:00:00;2391.0;PS190210 - PP1;0.0;394;56.8;3.3412;7.8;236.736595285782;26.853781055932988
2018-12-08 19:00:00;2391.0;PS190210 - PP1;0.0;395;6.2;3.1;5.0;240.7671825424753;25.731041020525833
2018-12-08 22:00:00;2391.0;PS190210 - PP1;0.0;396;15.0;3.75;5.2;219.6569442414241;20.335653911295722
2018-12-09 01:00:00;2391.0;PS190210 - PP1;0.0;396;15.0;3.75;5.2;170.03164382952517;17.255497500797002
2018-12-15 19:00:00;2391.0;PS190210 - PP1;0.0;399;7.4;7.4;7.4;74.47588900324925;3.848397588607578
2018-12-21 13:00:00;2391.0;PS190210 - PP1;0.0;403;21.2;7.0667;18.8;186.17017509502574;3.8332055775814897
2018-12-22 19:00:00;2391.0;PS190210 - PP1;0.0;406;66.4;33.2;65.6;208.20162821869317;8.064314601998303
2018-12-22 22:00:00;2391.0;PS190210 - PP1;0.0;406;66.4;33.2;65.6;206.13100054493495;6.080490522975827
2018-12-24 01:00:00;2391.0;PS190210 - PP1;0.0;409;15.4;7.7;14.8;311.82016988013663;18.381965346501634
2018-12-24 19:00:00;2391.0;PS190210 - PP1;0.0;412;76.6;8.5111;35.0;270.71171220603526;16.584279453747897
2018-12-24 22:00:00;2391.0;PS190210 - PP1;2.2;412;76.6;8.5111;35.0;238.4258092497133;11.606139452892778
2018-12-25 02:00:00;2391.0;PS190210 - PP1;2.3;412;76.6;8.5111;35.0;201.08375458237808;9.162369617080566
2018-12-25 01:00:00;2391.0;PS190210 - PP1;2.3;412;76.6;8.5111;35.0;196.9492242338196;11.306097514173427
2018-12-25 19:00:00;2391.0;PS190210 - PP1;0.0;415;13.2;1.65;4.2;268.30702156237095;20.91813101115829
2018-12-25 22:00:00;2391.0;PS190210 - PP1;0.1;415;13.2;1.65;4.2;255.23738303070468;15.76438470096404
2018-12-26 02:00:00;2391.0;PS190210 - PP1;0.5;415;13.2;1.65;4.2;283.32453126188864;8.044557166183838
2018-12-26 01:00:00;2391.0;PS190210 - PP1;0.3;415;13.2;1.65;4.2;268.63607246839535;8.654452033490804
2018-12-27 13:00:00;2391.0;PS190210 - PP1;0.0;420;35.2;2.7077;7.4;320.4923245571264;15.21892532342529
2018-12-27 19:00:00;2391.0;PS190210 - PP1;0.0;420;35.2;2.7077;7.4;278.4431909291759;13.32845471163104
2018-12-27 22:00:00;2391.0;PS190210 - PP1;0.0;420;35.2;2.7077;7.4;284.03624346792645;5.945518312140389
2018-12-28 02:00:00;2391.0;PS190210 - PP1;0.0;420;35.2;2.7077;7.4;341.9657144328749;4.657832650492939
2018-12-28 01:00:00;2391.0;PS190210 - PP1;0.0;420;35.2;2.7077;7.4;331.26020470831685;3.6415999231104097
2018-12-28 04:00:00;2391.0;PS190210 - PP1;0.0;420;35.2;2.7077;7.4;350.0958167870298;6.587170105591431
2018-12-28 19:00:00;2391.0;PS190210 - PP1;0.0;421;6.2;6.2;6.2;258.8320055828888;24.46222894586648
2018-12-30 19:00:00;2391.0;PS190210 - PP1;0.0;424;12.8;6.4;9.6;253.05467662262024;13.782385316047494
2018-12-30 22:00:00;2391.0;PS190210 - PP1;0.0;424;12.8;6.4;9.6;223.3864610671168;10.346246179170205
2019-01-01 19:00:00;2391.0;PS190210 - PP1;0.0;426;19.0;9.5;18.8;295.93080646265037;12.483837951527608
2019-01-02 19:00:00;2391.0;PS190210 - PP1;0.0;429;60.8;10.1333;20.0;289.9106261310708;13.912627537600724
2019-01-02 22:00:00;2391.0;PS190210 - PP1;0.8;429;60.8;10.1333;20.0;296.06466407828515;10.548829366332352
2019-01-03 02:00:00;2391.0;PS190210 - PP1;0.9;429;60.8;10.1333;20.0;305.1939072401033;11.973722311795857
2019-01-03 01:00:00;2391.0;PS190210 - PP1;1.0;429;60.8;10.1333;20.0;306.17362904577226;11.866476182927677
2019-01-03 22:00:00;2391.0;PS190210 - PP1;0.3;431;36.0;12.0;25.8;235.0606897953221;9.17220638668814
2019-01-04 01:00:00;2391.0;PS190210 - PP1;0.0;431;36.0;12.0;25.8;232.20605700138276;6.3868305911461025
2019-01-05 22:00:00;2391.0;PS190210 - PP1;0.0;436;30.2;7.55;28.0;322.9071627029576;21.176960310677238
2019-01-06 02:00:00;2391.0;PS190210 - PP1;0.0;436;30.2;7.55;28.0;332.90444750624846;29.85010371841259
2019-01-06 01:00:00;2391.0;PS190210 - PP1;0.0;436;30.2;7.55;28.0;331.658904569563;29.724914886337174
2019-01-16 19:00:00;2391.0;PS190210 - PP1;0.0;443;12.2;6.1;7.6;249.07549825507746;11.247769778938142
2019-01-16 22:00:00;2391.0;PS190210 - PP1;0.0;443;12.2;6.1;7.6;218.56526084896146;9.748067141746583
2019-01-19 22:00:00;2391.0;PS190210 - PP1;0.0;446;6.8;2.2667;6.2;274.484606009542;5.26913209172079
2019-01-20 02:00:00;2391.0;PS190210 - PP1;0.0;446;6.8;2.2667;6.2;262.40535663140855;4.676018498680437
2019-01-20 01:00:00;2391.0;PS190210 - PP1;0.0;446;6.8;2.2667;6.2;259.26110289909184;6.080490522975959
2019-01-20 19:00:00;2391.0;PS190210 - PP1;0.0;447;6.4;1.28;3.4;307.1847064532313;7.498513185958728
2019-01-20 22:00:00;2391.0;PS190210 - PP1;0.0;447;6.4;1.28;3.4;317.6425452940649;4.739119432974699
2019-01-21 01:00:00;2391.0;PS190210 - PP1;0.0;447;6.4;1.28;3.4;324.9041832129771;4.657832650492842
2019-01-21 22:00:00;2391.0;PS190210 - PP1;0.0;449;33.2;16.6;33.0;189.36019080191352;9.499481775339234
2019-01-22 02:00:00;2391.0;PS190210 - PP1;0.0;449;33.2;16.6;33.0;177.82525588539002;16.28572994986728
2019-01-22 01:00:00;2391.0;PS190210 - PP1;0.0;449;33.2;16.6;33.0;184.6986805172996;15.088709023637595
2019-01-25 19:00:00;2391.0;PS190210 - PP1;0.0;452;10.8;5.4;9.6;5.355825042855484;6.620905376155147
2019-02-04 19:00:00;2391.0;PS190210 - PP1;0.0;458;10.0;10.0;10.0;261.4692343900516;24.996553042369886
2019-02-04 22:00:00;2391.0;PS190210 - PP1;1.2;459;35.8;2.5571;8.2;251.36541512255334;18.69613147151006
2019-02-05 02:00:00;2391.0;PS190210 - PP1;0.8;459;35.8;2.5571;8.2;262.99873244250307;11.830212508657405
2019-02-05 01:00:00;2391.0;PS190210 - PP1;0.9;459;35.8;2.5571;8.2;259.49197785976634;12.989847766621736
2019-02-05 04:00:00;2391.0;PS190210 - PP1;0.0;459;35.8;2.5571;8.2;265.6012946450041;8.057734172830049
2019-02-05 07:00:00;2391.0;PS190210 - PP1;0.0;459;35.8;2.5571;8.2;161.5650511770838;2.280002192981411
2019-02-05 10:00:00;2391.0;PS190210 - PP1;0.3;459;35.8;2.5571;8.2;48.12213046211933;4.011714471395244
2019-02-05 19:00:00;2391.0;PS190210 - PP1;0.0;461;8.2;1.025;2.8;282.4174457900748;11.495925930520025
2019-02-05 22:00:00;2391.0;PS190210 - PP1;0.0;461;8.2;1.025;2.8;281.73857120672136;8.100411409304865
2019-02-06 22:00:00;2391.0;PS190210 - PP1;0.7;464;19.2;2.4;11.2;303.1356095487184;26.568609918473335
2019-02-07 02:00:00;2391.0;PS190210 - PP1;1.3;464;19.2;2.4;11.2;288.8583089468329;26.448747456165254
2019-02-07 01:00:00;2391.0;PS190210 - PP1;1.3;464;19.2;2.4;11.2;288.02956092134906;27.621289361649517
2019-02-07 04:00:00;2391.0;PS190210 - PP1;0.0;464;19.2;2.4;11.2;289.89979755914374;24.208506129044412
2019-02-07 07:00:00;2391.0;PS190210 - PP1;0.0;464;19.2;2.4;11.2;295.08937386892825;19.675426551920186
2019-02-07 10:00:00;2391.0;PS190210 - PP1;0.0;465;7.0;1.1667;2.6;310.2521118913662;21.997916196766983
2019-02-07 13:00:00;2391.0;PS190210 - PP1;0.0;465;7.0;1.1667;2.6;314.3338000298166;25.055901181158728
2019-02-09 22:00:00;2391.0;PS190210 - PP1;0.0;467;11.0;5.5;10.8;253.35496178532432;10.427955216628169
2019-02-10 01:00:00;2391.0;PS190313 - PP1;0.0;467;11.0;5.5;10.8;217.69424046667996;2.863696387538223
2019-02-12 22:00:00;2391.0;PS190313 - PP1;0.0;469;44.2;8.84;25.2;257.1756018977636;12.993114214844528
2019-02-13 02:00:00;2391.0;PS190313 - PP1;0.0;469;44.2;8.84;25.2;247.41614747934332;12.605617874582725
2019-02-13 01:00:00;2391.0;PS190313 - PP1;0.0;469;44.2;8.84;25.2;247.3062050549062;12.2807794540901
2019-02-13 10:00:00;2391.0;PS190313 - PP1;0.3;471;108.6;8.3538;16.2;210.1013045655991;24.644566155645684
2019-02-13 13:00:00;2391.0;PS190313 - PP1;0.5;471;108.6;8.3538;16.2;197.1218084820038;22.740851215379035
2019-02-13 19:00:00;2391.0;PS190313 - PP1;0.0;471;108.6;8.3538;16.2;224.75618964389474;17.115674599617705
2019-02-13 22:00:00;2391.0;PS190313 - PP1;0.0;471;108.6;8.3538;16.2;227.24574256589477;14.86914792447802
2019-02-17 19:00:00;2391.0;PS190313 - PP1;1.0;484;8.8;8.8;8.8;288.60496547380194;32.929890935136356
2019-02-18 19:00:00;2391.0;PS190313 - PP1;0.2;487;30.2;10.0667;25.4;295.5084864978833;22.482566690660054
2019-02-18 22:00:00;2391.0;PS190313 - PP1;0.7;487;30.2;10.0667;25.4;300.6506679570527;16.163125471269208
2019-02-19 02:00:00;2391.0;PS190313 - PP1;0.7;488;20.8;2.9714;10.4;315.643745714175;12.96491403750914
2019-02-19 01:00:00;2391.0;PS190313 - PP1;0.7;488;20.8;2.9714;10.4;312.54095600989484;11.882557847534367
2019-02-19 04:00:00;2391.0;PS190313 - PP1;0.0;488;20.8;2.9714;10.4;317.5385445983979;14.799419076436697
2019-02-20 19:00:00;2391.0;PS190313 - PP1;0.0;492;5.6;2.8;5.0;288.07610729657245;15.602035283897802
2019-02-25 22:00:00;2391.0;PS190313 - PP1;0.0;500;31.4;3.925;12.8;302.80696552449234;14.828065450354767
2019-02-26 02:00:00;2391.0;PS190313 - PP1;0.0;500;31.4;3.925;12.8;320.6837063353847;15.443475288936648
2019-02-26 01:00:00;2391.0;PS190313 - PP1;0.0;500;31.4;3.925;12.8;315.8905362533606;14.058273756048273
2019-02-26 04:00:00;2391.0;PS190313 - PP1;0.0;500;31.4;3.925;12.8;324.30994017498676;18.00821790183558
2019-02-26 07:00:00;2391.0;PS190313 - PP1;0.0;500;31.4;3.925;12.8;317.77916686407224;22.531588426029618
2019-02-28 04:00:00;2391.0;PS190313 - PP1;0.0;504;7.6;3.8;5.2;319.3527031332354;27.829258146777825
2019-03-02 02:00:00;2391.0;PS190313 - PP1;0.0;505;17.2;3.44;9.4;322.3231728990537;36.56862658071789
2019-03-02 04:00:00;2391.0;PS190313 - PP1;0.7;505;17.2;3.44;9.4;321.8675089613228;40.20036032176812
2019-03-02 07:00:00;2391.0;PS190313 - PP1;1.0;505;17.2;3.44;9.4;315.98436670305455;42.39447968780846
2019-03-09 19:00:00;2391.0;PS190313 - PP1;0.0;513;8.4;4.2;7.8;111.59531044896892;5.3172347136460525
2019-03-09 22:00:00;2391.0;PS190313 - PP1;0.0;513;8.4;4.2;7.8;144.92624550665104;5.9151062543289505
2019-03-10 19:00:00;2391.0;PS190313 - PP1;0.0;515;76.2;19.05;53.8;245.83337015701332;8.805747043834113
2019-03-10 22:00:00;2391.0;PS190313 - PP1;0.0;515;76.2;19.05;53.8;226.49954703797735;13.915677382003288
2019-03-11 19:00:00;2391.0;PS190313 - PP1;0.5;519;10.8;5.4;9.8;224.16968451374095;10.051871268574688
2019-03-11 22:00:00;2391.0;PS190313 - PP1;0.7;520;76.0;12.6667;53.8;181.56935480475113;7.521821388467074
2019-03-12 02:00:00;2391.0;PS190313 - PP1;0.7;520;76.0;12.6667;53.8;60.39554925399876;5.212451342698847
2019-03-12 01:00:00;2391.0;PS190313 - PP1;0.7;520;76.0;12.6667;53.8;78.92979742206435;4.827833157846155
2019-03-14 19:00:00;2391.0;PS190413 - PP1;0.0;525;5.6;5.6;5.6;256.8018795192386;23.90953711387982
2019-03-16 19:00:00;2391.0;PS190413 - PP1;0.4;533;49.6;9.92;32.4;311.37851529588085;5.765240411292547
2019-03-16 22:00:00;2391.0;PS190413 - PP1;0.5;533;49.6;9.92;32.4;49.39870535498596;0.9496130791010182
2019-03-19 19:00:00;2391.0;PS190413 - PP1;0.0;539;41.8;13.9333;40.4;233.42069553201495;24.370113438389986
2019-03-19 22:00:00;2391.0;PS190413 - PP1;0.3;539;41.8;13.9333;40.4;226.96365753405146;25.506177643857022
2019-03-20 19:00:00;2391.0;PS190413 - PP1;0.0;542;9.8;1.6333;3.6;252.51762481787793;27.4289599511172
2019-03-20 22:00:00;2391.0;PS190413 - PP1;0.0;542;9.8;1.6333;3.6;237.5288077091513;24.173202518491525
2019-03-21 02:00:00;2391.0;PS190413 - PP1;0.0;544;8.8;1.2571;2.2;229.39870535499486;17.09303542382087
2019-03-21 04:00:00;2391.0;PS190413 - PP1;0.0;544;8.8;1.2571;2.2;234.3383949762357;16.607292765529333
2019-03-21 07:00:00;2391.0;PS190413 - PP1;0.0;544;8.8;1.2571;2.2;251.90274341328615;16.579161046325492
2019-03-21 10:00:00;2391.0;PS190413 - PP1;0.0;544;8.8;1.2571;2.2;263.2639887858805;13.17192415708528
2019-03-21 13:00:00;2391.0;PS190413 - PP1;0.0;545;16.4;3.28;5.6;256.89079180184353;7.720191836994837
2019-03-21 22:00:00;2391.0;PS190413 - PP1;0.0;547;76.8;5.9077;12.2;173.59564727361442;10.157387705508041
2019-03-22 02:00:00;2391.0;PS190413 - PP1;0.0;547;76.8;5.9077;12.2;155.78486101396828;21.345119207912656
2019-03-22 01:00:00;2391.0;PS190413 - PP1;0.0;547;76.8;5.9077;12.2;156.76649432948338;22.193811322078126
2019-03-22 04:00:00;2391.0;PS190413 - PP1;0.0;547;76.8;5.9077;12.2;154.41546545596321;18.842526210675956
2019-03-22 07:00:00;2391.0;PS190413 - PP1;0.0;547;76.8;5.9077;12.2;150.12400730830996;11.165884111883157
2019-03-22 10:00:00;2391.0;PS190413 - PP1;0.0;547;76.8;5.9077;12.2;135.6585431775644;6.336802427092056
2019-03-22 19:00:00;2391.0;PS190413 - PP1;0.3;549;7.0;1.4;2.2;64.74683660542921;6.035835153481593
2019-03-22 22:00:00;2391.0;PS190413 - PP1;0.3;549;7.0;1.4;2.2;107.47477425625796;5.831110100144177
2019-03-27 22:00:00;2391.0;PS190413 - PP1;0.0;552;13.4;6.7;10.8;178.6521127197995;8.757423194068085
2019-03-28 01:00:00;2391.0;PS190413 - PP1;0.0;552;13.4;6.7;10.8;157.90576965841584;11.22747246712318
2019-03-28 19:00:00;2391.0;PS190413 - PP1;0.0;554;57.0;5.1818;16.0;152.70042778867156;3.593209289757689
2019-03-28 22:00:00;2391.0;PS190413 - PP1;0.2;554;57.0;5.1818;16.0;154.47030200946452;7.647706649708962
2019-03-29 02:00:00;2391.0;PS190413 - PP1;0.4;554;57.0;5.1818;16.0;139.740510573891;14.98180940340665
2019-03-29 01:00:00;2391.0;PS190413 - PP1;0.3;554;57.0;5.1818;16.0;144.6480453160989;14.775385003444052
2019-03-29 04:00:00;2391.0;PS190413 - PP1;0.0;554;57.0;5.1818;16.0;131.83611638111853;14.515693197364405
2019-03-29 19:00:00;2391.0;PS190413 - PP1;0.0;556;19.0;3.8;6.4;156.1940564815419;7.655332520537741
2019-03-29 22:00:00;2391.0;PS190413 - PP1;0.2;556;19.0;3.8;6.4;147.72435568542156;9.258548482348768
2019-03-30 22:00:00;2391.0;PS190413 - PP1;0.0;559;37.4;6.2333;18.2;240.06848815949144;19.61061574759961
2019-03-31 02:00:00;2391.0;PS190413 - PP1;0.0;559;37.4;6.2333;18.2;241.33604288971802;17.607879372598983
2019-03-31 01:00:00;2391.0;PS190413 - PP1;0.0;559;37.4;6.2333;18.2;241.96614810853538;17.97047467375276
2019-03-31 04:00:00;2391.0;PS190413 - PP1;0.1;559;37.4;6.2333;18.2;239.44759071483975;17.22318928073417
2019-04-06 19:00:00;2391.0;PS190413 - PP1;0.0;565;12.4;6.2;12.0;65.19059162454103;12.028089332890872
2019-04-08 19:00:00;2391.0;PS190413 - PP1;0.0;567;5.6;1.12;2.4;300.6186054089096;23.45868811336198
2019-04-08 22:00:00;2391.0;PS190413 - PP1;0.2;567;5.6;1.12;2.4;297.46550009407883;23.448962898174948
2019-04-09 01:00:00;2391.0;PS190413 - PP1;0.0;567;5.6;1.12;2.4;296.2502423696881;25.15077782097402
2019-04-09 10:00:00;2391.0;PS190413 - PP1;0.0;570;6.2;1.55;2.8;295.09028235957317;34.005758468235754
2019-04-09 13:00:00;2391.0;PS190413 - PP1;0.0;570;6.2;1.55;2.8;274.10183868767024;25.919392836252676
2019-04-09 19:00:00;2391.0;PS190413 - PP1;0.0;571;47.8;2.8118;9.0;221.43673193709324;19.92164855126227
2019-04-09 22:00:00;2391.0;PS190413 - PP1;0.1;571;47.8;2.8118;9.0;195.75117366345293;20.868623577035475
2019-04-10 02:00:00;2391.0;PS190413 - PP1;0.2;571;47.8;2.8118;9.0;170.23029994946754;15.781872290701163
2019-04-10 01:00:00;2391.0;PS190413 - PP1;0.1;571;47.8;2.8118;9.0;176.2538379503954;17.341052592043273
2019-04-10 04:00:00;2391.0;PS190413 - PP1;0.0;571;47.8;2.8118;9.0;161.29479007058447;13.81045263559475
2019-04-10 07:00:00;2391.0;PS190413 - PP1;0.0;571;47.8;2.8118;9.0;172.06724168582656;12.687409388839031
2019-04-10 10:00:00;2391.0;PS190413 - PP1;0.0;571;47.8;2.8118;9.0;169.4873728300784;10.161564692506904
2019-04-10 19:00:00;2391.0;PS190413 - PP1;0.0;574;15.6;2.2286;4.6;210.42578380195965;7.525346636534587
2019-04-10 22:00:00;2391.0;PS190413 - PP1;0.0;574;15.6;2.2286;4.6;188.40337109055952;9.162369617080577
2019-04-11 02:00:00;2391.0;PS190413 - PP1;0.0;574;15.6;2.2286;4.6;147.3807569288072;9.171628045227651
2019-04-11 01:00:00;2391.0;PS190413 - PP1;0.0;574;15.6;2.2286;4.6;154.5366549381297;9.582875560081376
2019-04-17 07:00:00;2391.0;PS190518 - PP1;0.0;586;20.6;10.3;13.6;283.79086689736096;34.9989392553544
2019-04-23 19:00:00;2391.0;PS190518 - PP1;0.0;591;14.2;7.1;8.0;247.83365417791325;3.0029402258455353
2019-04-23 22:00:00;2391.0;PS190518 - PP1;0.0;592;41.0;10.25;25.4;171.38435181583188;3.437793769265566
2019-04-24 02:00:00;2391.0;PS190518 - PP1;0.0;592;41.0;10.25;25.4;110.07152586454073;5.702331540694589
2019-04-24 01:00:00;2391.0;PS190518 - PP1;0.0;592;41.0;10.25;25.4;123.31063082456174;4.313720667823118
2019-05-07 22:00:00;2391.0;PS190518 - PP1;0.0;601;130.0;6.8421;22.8;233.86462338841045;24.10398068784501
2019-05-08 02:00:00;2391.0;PS190518 - PP1;0.0;601;130.0;6.8421;22.8;229.79983611390367;19.149137735156387
2019-05-08 01:00:00;2391.0;PS190518 - PP1;0.0;601;130.0;6.8421;22.8;229.99794209392783;19.227923470827644
2019-05-08 04:00:00;2391.0;PS190518 - PP1;0.0;601;130.0;6.8421;22.8;230.23558966179834;18.357420434255005
2019-05-08 07:00:00;2391.0;PS190518 - PP1;0.0;601;130.0;6.8421;22.8;230.99538680407528;16.037930196880488
2019-05-08 10:00:00;2391.0;PS190518 - PP1;0.0;601;130.0;6.8421;22.8;240.35554941442123;14.576956506760732
2019-05-08 13:00:00;2391.0;PS190518 - PP1;0.0;601;130.0;6.8421;22.8;251.22196677755366;16.318593965167388
2019-05-14 02:00:00;2391.0;PS190518 - PP1;0.0;609;31.8;6.36;10.2;218.2639887858805;18.627913785499803
2019-05-14 01:00:00;2391.0;PS190518 - PP1;0.0;609;31.8;6.36;10.2;220.9464457681685;18.54572133943604
2019-05-14 04:00:00;2391.0;PS190518 - PP1;0.0;609;31.8;6.36;10.2;214.21570213243618;18.68364354187908
2019-05-15 04:00:00;2391.0;PS190518 - PP1;0.0;611;44.6;4.46;7.6;244.35899417569416;11.42510989006254
2019-05-15 07:00:00;2391.0;PS190518 - PP1;0.0;611;44.6;4.46;7.6;251.37213682354403;9.67377842417316
2019-05-15 10:00:00;2391.0;PS190518 - PP1;0.0;611;44.6;4.46;7.6;252.10386707495886;10.390755169861066
2019-05-15 13:00:00;2391.0;PS190518 - PP1;0.0;611;44.6;4.46;7.6;233.5307656099472;11.783488108365859
2019-05-17 13:00:00;2391.0;PS190518 - PP1;0.0;613;78.6;4.6235;5.6;73.12652934532447;22.710740917019713
2019-05-17 19:00:00;2391.0;PS190518 - PP1;0.3;613;78.6;4.6235;5.6;67.1803443020177;20.4495858637772
2019-05-17 22:00:00;2391.0;PS190518 - PP1;0.2;613;78.6;4.6235;5.6;67.49647150023273;23.41274057004014
2019-05-18 02:00:00;2391.0;PS190614 - PP1;0.0;613;78.6;4.6235;5.6;69.19679804889284;30.74114332616821
2019-05-18 01:00:00;2391.0;PS190614 - PP1;0.0;613;78.6;4.6235;5.6;72.34169300670207;31.238899868593432
2019-05-18 04:00:00;2391.0;PS190614 - PP1;0.0;613;78.6;4.6235;5.6;62.175903615747124;29.349216974222845
2019-05-18 07:00:00;2391.0;PS190614 - PP1;0.0;613;78.6;4.6235;5.6;48.90433987109413;24.60148046358184
2019-05-18 19:00:00;2391.0;PS190614 - PP1;0.2;616;21.0;1.5;3.8;1.3019526725795632;22.665851517205237
2019-05-18 22:00:00;2391.0;PS190614 - PP1;0.0;616;21.0;1.5;3.8;1.3169124057923025;17.92673500668758
2019-05-19 02:00:00;2391.0;PS190614 - PP1;0.0;616;21.0;1.5;3.8;0.881403996583331;13.391584521631389
2019-05-19 01:00:00;2391.0;PS190614 - PP1;0.0;616;21.0;1.5;3.8;352.37580749554985;13.197672597848287
2019-05-19 04:00:00;2391.0;PS190614 - PP1;0.0;616;21.0;1.5;3.8;14.638278538375497;14.265035190983358
2019-05-19 07:00:00;2391.0;PS190614 - PP1;0.0;616;21.0;1.5;3.8;18.71173787510063;13.484741747619724
2019-06-04 02:00:00;2391.0;PS190614 - PP1;0.1;621;6.0;1.0;1.4;267.0262689175194;39.708470443974356
2019-06-04 01:00:00;2391.0;PS190614 - PP1;0.1;621;6.0;1.0;1.4;267.3974377975001;40.83011462144096
2019-06-04 04:00:00;2391.0;PS190614 - PP1;0.0;621;6.0;1.0;1.4;265.75240915232655;38.937950857743154
2019-06-04 07:00:00;2391.0;PS190614 - PP1;0.0;621;6.0;1.0;1.4;260.19390724010293;42.333501213578
2019-06-05 04:00:00;2391.0;PS190614 - PP1;0.0;624;5.0;1.6667;2.2;195.8430821176875;23.76890988244958
2019-06-05 07:00:00;2391.0;PS190614 - PP1;0.0;624;5.0;1.6667;2.2;189.29924168206279;17.847555154698636
2019-06-06 02:00:00;2391.0;PS190614 - PP1;0.0;626;5.4;1.35;2.4;156.4346041294163;10.562899838586267
2019-06-06 01:00:00;2391.0;PS190614 - PP1;0.0;626;5.4;1.35;2.4;152.32792177724187;9.536821116074297
2019-06-06 04:00:00;2391.0;PS190614 - PP1;0.0;626;5.4;1.35;2.4;160.05761541830176;12.381439738576885
2019-07-05 04:00:00;2391.0;PS190709 - PP1;0.2;634;26.2;0.9704;3.0;305.3599481425213;61.75964515765902
2019-07-05 07:00:00;2391.0;PS190709 - PP1;0.2;634;26.2;0.9704;3.0;302.1622381821921;71.78597543392402
2019-07-05 10:00:00;2391.0;PS190709 - PP1;0.2;634;26.2;0.9704;3.0;293.7071987755193;86.84463797494907
2019-07-05 13:00:00;2391.0;PS190709 - PP1;0.3;634;26.2;0.9704;3.0;274.4038966007466;87.1894239515322
2019-07-05 19:00:00;2391.0;PS190709 - PP1;0.6;634;26.2;0.9704;3.0;273.4650551533574;56.237811354995124
2019-07-05 22:00:00;2391.0;PS190709 - PP1;0.1;634;26.2;0.9704;3.0;283.13402230639616;57.11403403717849
2019-07-06 02:00:00;2391.0;PS190709 - PP1;0.3;634;26.2;0.9704;3.0;282.6907904991547;55.32356188822269
2019-07-06 01:00:00;2391.0;PS190709 - PP1;0.3;634;26.2;0.9704;3.0;282.58668221422874;55.301025171329364
2019-07-06 04:00:00;2391.0;PS190709 - PP1;0.0;634;26.2;0.9704;3.0;282.1323034540182;54.88895029967329
2019-07-06 07:00:00;2391.0;PS190709 - PP1;0.0;634;26.2;0.9704;3.0;277.32932403482056;57.32438141838071
2019-08-03 10:00:00;2391.0;PS190806 - PP1;0.0;642;51.0;1.2143;3.6;325.8608146216379;25.51116841698906
2019-08-03 13:00:00;2391.0;PS190806 - PP1;0.0;642;51.0;1.2143;3.6;306.7209488145395;23.77248032915378
2019-08-03 19:00:00;2391.0;PS190806 - PP1;1.3;642;51.0;1.2143;3.6;288.6000658860327;33.907030554148754
2019-08-03 22:00:00;2391.0;PS190806 - PP1;0.3;642;51.0;1.2143;3.6;279.5632838295426;38.43818689792761
2019-08-04 02:00:00;2391.0;PS190806 - PP1;0.7;642;51.0;1.2143;3.6;281.5485214914898;33.95643039248974
2019-08-04 01:00:00;2391.0;PS190806 - PP1;0.7;642;51.0;1.2143;3.6;282.45223471162257;33.437582164385056
2019-08-04 04:00:00;2391.0;PS190806 - PP1;0.0;642;51.0;1.2143;3.6;281.0280366944267;32.84553561749322
2019-08-04 07:00:00;2391.0;PS190806 - PP1;0.0;642;51.0;1.2143;3.6;286.38954033403485;25.55230510149717
2019-08-04 10:00:00;2391.0;PS190806 - PP1;0.2;642;51.0;1.2143;3.6;298.15280056353265;21.61184476161184
2019-08-04 13:00:00;2391.0;PS190806 - PP1;0.2;642;51.0;1.2143;3.6;319.61387089748837;20.824603069446493
2019-08-04 19:00:00;2391.0;PS190806 - PP1;0.3;642;51.0;1.2143;3.6;290.6687580830644;18.38427376863182
2019-08-04 22:00:00;2391.0;PS190806 - PP1;0.0;642;51.0;1.2143;3.6;284.2500326978016;6.695000000000193
2019-08-05 02:00:00;2391.0;PS190806 - PP1;0.0;642;51.0;1.2143;3.6;71.91655461695304;5.309247875170161
2019-08-05 01:00:00;2391.0;PS190806 - PP1;0.0;642;51.0;1.2143;3.6;92.48955292200222;4.742476146487138
2019-08-05 04:00:00;2391.0;PS190806 - PP1;0.0;642;51.0;1.2143;3.6;43.8542371618255;7.284656340555655
2019-08-13 22:00:00;2391.0;;0.0;648;96.8;2.7657;5.8;229.94596654710332;15.205674795943905
2019-08-14 02:00:00;2391.0;;0.0;648;96.8;2.7657;5.8;260.2996080560525;12.225800628179519
2019-08-14 01:00:00;2391.0;;0.0;648;96.8;2.7657;5.8;254.948780007409;12.692425497122269
2019-08-14 04:00:00;2391.0;;0.0;648;96.8;2.7657;5.8;269.5017883873857;11.845447817621961
2019-08-14 07:00:00;2391.0;;0.1;648;96.8;2.7657;5.8;273.81407483429;12.387436215779006
2019-08-14 10:00:00;2391.0;;0.1;648;96.8;2.7657;5.8;260.1185938796495;16.20540607328321
2019-08-14 13:00:00;2391.0;;0.2;648;96.8;2.7657;5.8;250.99129287936046;22.76859207329225
2019-08-14 19:00:00;2391.0;;0.0;648;96.8;2.7657;5.8;244.14999163027971;29.528682683112965
2019-08-14 22:00:00;2391.0;;0.0;648;96.8;2.7657;5.8;234.05343866217316;26.84528580589152
2019-08-15 02:00:00;2391.0;;0.0;648;96.8;2.7657;5.8;220.25706513146926;16.73583607113786
2019-08-15 01:00:00;2391.0;;0.0;648;96.8;2.7657;5.8;223.21008939175414;18.65409338456335
2019-08-15 04:00:00;2391.0;;0.0;648;96.8;2.7657;5.8;213.09573428450796;13.770063797964228
2019-08-15 07:00:00;2391.0;;0.0;648;96.8;2.7657;5.8;198.98321705922592;13.615493601041402
2019-08-21 02:00:00;2391.0;;2.0;656;10.8;0.9818;2.8;260.5376777919741;22.55488346234593
2019-08-21 01:00:00;2391.0;;2.9;656;10.8;0.9818;2.8;258.7871789236876;23.835989301893594
2019-08-21 04:00:00;2391.0;;0.1;656;10.8;0.9818;2.8;266.1120904391661;21.266943550966207
2019-08-21 07:00:00;2391.0;;0.2;656;10.8;0.9818;2.8;273.6619355755194;25.80268210864908
2019-08-21 10:00:00;2391.0;;0.0;656;10.8;0.9818;2.8;268.54187684410243;28.334174877698345
2019-08-22 19:00:00;2391.0;;0.0;663;5.0;0.625;1.6;252.85238011860258;28.995917816133947
2019-08-22 22:00:00;2391.0;;0.1;663;5.0;0.625;1.6;249.78721046111372;24.147075371564153
2019-08-23 02:00:00;2391.0;;0.0;663;5.0;0.625;1.6;259.8308716655086;23.33558143693869
2019-08-23 01:00:00;2391.0;;0.0;663;5.0;0.625;1.6;255.46554491945972;22.983544722257403
2019-08-23 19:00:00;2391.0;;0.0;666;5.2;2.6;3.8;278.64693170795294;45.21594417901694
2019-08-23 22:00:00;2391.0;;0.2;666;5.2;2.6;3.8;261.94907186469766;31.623683925185187
2019-09-02 07:00:00;2391.0;;0.0;677;21.8;10.9;19.2;311.942596573116;49.158739548527585
2019-09-05 13:00:00;2391.0;;0.0;685;30.8;1.925;3.6;275.05168934376195;18.715698036674702
2019-09-05 19:00:00;2391.0;;0.2;685;30.8;1.925;3.6;291.2716089240468;14.479470225115245
2019-09-05 22:00:00;2391.0;;0.2;685;30.8;1.925;3.6;269.2607406445913;15.96632897694407
2019-09-06 02:00:00;2391.0;;0.0;685;30.8;1.925;3.6;257.43653060148097;18.467184788158445
2019-09-06 01:00:00;2391.0;;0.0;685;30.8;1.925;3.6;259.3210528034643;18.34267772164114
2019-09-06 04:00:00;2391.0;;0.0;685;30.8;1.925;3.6;250.52685579699803;19.774122306691392
2019-09-13 19:00:00;2391.0;;0.0;688;9.2;0.5111;0.8;150.0684881594953;3.9221231495199396
2019-09-13 22:00:00;2391.0;;0.0;688;9.2;0.5111;0.8;176.72951207681254;3.610880917449398
2019-09-14 02:00:00;2391.0;;0.0;688;9.2;0.5111;0.8;204.86369657174978;9.30882978682061
2019-09-14 01:00:00;2391.0;;0.0;688;9.2;0.5111;0.8;208.30075576600638;9.124660651224588
2019-09-14 04:00:00;2391.0;;0.0;688;9.2;0.5111;0.8;196.20902492780675;9.224683680213813
2019-09-14 07:00:00;2391.0;;0.0;688;9.2;0.5111;0.8;172.71104767638823;8.930165340014955
2019-09-14 10:00:00;2391.0;;0.0;688;9.2;0.5111;0.8;158.01756179687985;12.107210785313349
2019-09-22 13:00:00;2391.0;;0.2;696;112.6;4.6917;10.2;273.6444895127709;16.203769345432807
2019-09-22 19:00:00;2391.0;;0.0;696;112.6;4.6917;10.2;262.52844082340675;12.67360485418416
2019-09-22 22:00:00;2391.0;;0.3;696;112.6;4.6917;10.2;264.10937358379505;13.046892541904153
2019-09-23 02:00:00;2391.0;;0.4;696;112.6;4.6917;10.2;261.50562421018964;16.037930196879824
2019-09-23 01:00:00;2391.0;;0.5;696;112.6;4.6917;10.2;265.23635830927356;14.883410899387114
2019-09-23 04:00:00;2391.0;;0.1;696;112.6;4.6917;10.2;253.9154243416262;17.473002088936784
2019-09-23 07:00:00;2391.0;;0.3;696;112.6;4.6917;10.2;243.72578784527187;18.14905595341006
2019-09-23 10:00:00;2391.0;;0.0;696;112.6;4.6917;10.2;248.82944947796497;19.108651496115755
2019-09-23 13:00:00;2391.0;;0.2;696;112.6;4.6917;10.2;242.2759437640278;15.941059469182264
2019-09-26 07:00:00;2391.0;;0.2;705;47.4;2.1545;11.6;291.03751102542157;22.95398388079921
2019-09-26 10:00:00;2391.0;;1.1;705;47.4;2.1545;11.6;310.31955638174634;24.991884002611908
2019-09-26 13:00:00;2391.0;;2.1;705;47.4;2.1545;11.6;308.1842316660512;36.82188775714783
2019-09-26 19:00:00;2391.0;;4.6;705;47.4;2.1545;11.6;291.63657743385875;33.242202830137195
2019-09-26 22:00:00;2391.0;;1.0;705;47.4;2.1545;11.6;272.85145629073673;26.91632608659613
2019-09-27 02:00:00;2391.0;;1.1;705;47.4;2.1545;11.6;218.4801982483417;15.394279521952143
2019-09-27 01:00:00;2391.0;;1.1;705;47.4;2.1545;11.6;231.23833268963864;18.096663255970928
2019-09-28 10:00:00;2391.0;;0.0;707;9.6;1.0667;2.8;263.99099404250444;19.678122369778883
2019-09-28 13:00:00;2391.0;;0.0;707;9.6;1.0667;2.8;279.2040409544683;22.53817936302764
2019-09-28 19:00:00;2391.0;;0.1;707;9.6;1.0667;2.8;290.43748195474853;23.30282525789476
2019-10-08 19:00:00;2391.0;;0.0;718;10.0;1.25;2.6;307.2499635770805;12.422073297158894
2019-10-08 22:00:00;2391.0;;2.4;718;10.0;1.25;2.6;297.8972710309445;5.9437336750565
2019-10-09 02:00:00;2391.0;;3.8;718;10.0;1.25;2.6;95.38931175997571;5.483238641533413
2019-10-09 01:00:00;2391.0;;3.7;718;10.0;1.25;2.6;131.87786953788068;4.011714471395244
2019-10-09 04:00:00;2391.0;;5.0;718;10.0;1.25;2.6;74.05460409907938;8.99821582315096
2019-10-09 07:00:00;2391.0;;6.7;719;28.0;1.6471;4.6;51.48307369289844;6.45046494448251
2019-10-09 10:00:00;2391.0;;1.5;719;28.0;1.6471;4.6;316.3639275316047;6.119621720335053
2019-10-09 13:00:00;2391.0;;1.6;719;28.0;1.6471;4.6;122.00538320809034;1.9434001132035919
2019-10-09 19:00:00;2391.0;;0.8;719;28.0;1.6471;4.6;301.15930450834463;5.175685944877183
2019-10-09 22:00:00;2391.0;;0.1;719;28.0;1.6471;4.6;256.8659776936015;3.1730018909545166
2019-10-10 02:00:00;2391.0;;0.2;720;6.6;1.32;2.8;121.86597769360799;4.487302307623237
2019-10-10 04:00:00;2391.0;;0.1;720;6.6;1.32;2.8;113.62937773065848;7.195270668988167
2019-10-10 07:00:00;2391.0;;0.0;720;6.6;1.32;2.8;85.60129464500447;8.057734172830779
2019-10-20 07:00:00;2391.0;;0.0;728;24.0;1.5;8.0;236.86865020217527;32.22517594986896
2019-10-20 10:00:00;2391.0;;0.2;728;24.0;1.5;8.0;248.57233458969802;29.3217320259225
2019-10-20 13:00:00;2391.0;;0.1;728;24.0;1.5;8.0;250.65022625864995;32.640763379553455
2019-10-20 19:00:00;2391.0;;0.1;728;24.0;1.5;8.0;247.0522819598041;40.15481123103453
2019-10-20 22:00:00;2391.0;;0.0;728;24.0;1.5;8.0;241.29081843386106;38.16688592222287
2019-10-25 22:00:00;2391.0;;0.2;738;8.8;2.9333;8.2;240.89014444310763;10.374406248070535
2019-10-26 02:00:00;2391.0;;0.3;738;8.8;2.9333;8.2;283.4957332807945;7.944365361688253
2019-10-26 01:00:00;2391.0;;0.2;738;8.8;2.9333;8.2;279.29330859939387;5.740344414754141
2019-10-29 22:00:00;2391.0;;1.2;743;38.4;6.4;16.8;7.85331330197945;15.07639960335358
2019-10-30 02:00:00;2391.0;;3.2;743;38.4;6.4;16.8;24.743537825478974;13.04241948412951
2019-10-30 01:00:00;2391.0;;3.2;743;38.4;6.4;16.8;25.958769261560963;8.706394489109389
2019-10-30 04:00:00;2391.0;;0.3;743;38.4;6.4;16.8;24.468201829123863;20.14301876581549
2019-10-31 19:00:00;2391.0;;0.0;744;9.8;1.96;6.0;298.8671594695155;9.173941192311649
2019-10-31 22:00:00;2391.0;;0.8;744;9.8;1.96;6.0;312.27368900609514;6.124820323894931
2019-11-01 19:00:00;2391.0;;1.4;748;5.6;1.8667;4.4;134.20427644726118;10.488819285315333
2019-11-01 22:00:00;2391.0;;1.5;748;5.6;1.8667;4.4;130.3141001604973;13.372954535180831
2019-11-06 19:00:00;2391.0;;1.1;751;16.4;1.1714;2.4;298.25424946167925;17.188968846326713
2019-11-06 22:00:00;2391.0;;0.5;751;16.4;1.1714;2.4;291.9384804677066;15.989899937147662
2019-11-07 02:00:00;2391.0;;1.6;751;16.4;1.1714;2.4;311.53177074108453;4.815731927754771
2019-11-07 01:00:00;2391.0;;1.4;751;16.4;1.1714;2.4;307.5685920288271;6.757302420344885
2019-11-07 04:00:00;2391.0;;0.2;751;16.4;1.1714;2.4;320.599339336524;3.732240211990291
2019-11-11 19:00:00;2391.0;;1.6;758;90.6;2.7455;8.6;241.90231703256353;27.555532076154666
2019-11-11 22:00:00;2391.0;;1.0;758;90.6;2.7455;8.6;216.869897645843;16.479999999999798
2019-11-12 02:00:00;2391.0;;0.8;758;90.6;2.7455;8.6;204.77514056883217;11.797884556140051
2019-11-12 01:00:00;2391.0;;0.8;758;90.6;2.7455;8.6;204.80566575481598;13.502824667453812
2019-11-12 04:00:00;2391.0;;0.5;758;90.6;2.7455;8.6;199.9255806581816;8.764688756596032
2019-11-12 07:00:00;2391.0;;0.5;758;90.6;2.7455;8.6;170.83765295428026;6.468531208860409
2019-11-12 10:00:00;2391.0;;0.2;758;90.6;2.7455;8.6;169.15969454566923;4.928956278970291
2019-11-12 13:00:00;2391.0;;0.0;758;90.6;2.7455;8.6;203.42869280874157;3.3676432412000246
2019-11-12 19:00:00;2391.0;;0.6;758;90.6;2.7455;8.6;64.98310652190185;3.409906743592928
2019-11-12 22:00:00;2391.0;;0.3;758;90.6;2.7455;8.6;60.592810939267174;6.502881976477728
2019-11-13 02:00:00;2391.0;;0.0;758;90.6;2.7455;8.6;53.50870331627122;18.705208365586188
2019-11-13 01:00:00;2391.0;;0.0;758;90.6;2.7455;8.6;51.505626645684465;16.71331714531872
2019-11-14 19:00:00;2391.0;;0.0;761;12.0;2.4;5.2;287.6796809774383;34.5938959355548
2019-11-14 22:00:00;2391.0;;1.3;761;12.0;2.4;5.2;287.6823381935472;39.67546095510388
2019-11-15 10:00:00;2391.0;;1.8;764;7.6;1.9;5.6;276.25033957778044;65.27803266796523
2019-11-19 19:00:00;2391.0;;0.0;777;12.6;1.575;7.6;312.7974018382315;3.7900641155526427
2019-11-19 22:00:00;2391.0;;1.8;777;12.6;1.575;7.6;102.9946167919165;4.122574195815194
2019-11-20 01:00:00;2391.0;;2.3;777;12.6;1.575;7.6;89.10482628978943;13.185609276783545
2019-11-20 19:00:00;2391.0;;2.4;779;14.4;3.6;7.4;64.23067237566319;9.950567672248871
2019-11-20 22:00:00;2391.0;;0.8;779;14.4;3.6;7.4;78.24493724030137;18.2007149584846
2019-11-21 13:00:00;2391.0;;0.1;782;5.6;1.8667;3.0;49.45329874439426;23.449867739499204
2019-11-23 13:00:00;2391.0;;0.0;785;27.8;6.95;19.2;262.2348339815744;29.730624833662837
2019-11-23 19:00:00;2391.0;;1.4;785;27.8;6.95;19.2;254.90660875416376;35.204459788498276
2019-11-23 22:00:00;2391.0;;0.8;786;65.6;3.6444;15.2;245.60969293753163;36.415999231106824
2019-11-24 02:00:00;2391.0;;0.3;786;65.6;3.6444;15.2;234.63753811293086;39.15355028602165
2019-11-24 01:00:00;2391.0;;0.3;786;65.6;3.6444;15.2;233.10082500386133;40.31420526315793
2019-11-24 04:00:00;2391.0;;0.9;786;65.6;3.6444;15.2;239.78867761416524;37.66365101792471
2019-11-24 07:00:00;2391.0;;0.9;786;65.6;3.6444;15.2;250.40004559466377;36.845937645824336
2019-11-24 10:00:00;2391.0;;0.0;786;65.6;3.6444;15.2;258.9550172189974;34.94630775918953
2019-11-24 13:00:00;2391.0;;0.0;786;65.6;3.6444;15.2;261.94395505334734;33.80864192776713
2019-11-28 19:00:00;2391.0;;0.0;790;62.4;3.2842;9.2;261.66255556115266;24.151248828994298
2019-11-28 22:00:00;2391.0;;1.5;790;62.4;3.2842;9.2;235.25321315785925;21.686086806983162
2019-11-29 02:00:00;2391.0;;2.0;790;62.4;3.2842;9.2;197.12448961347292;19.938948467760568
2019-11-29 01:00:00;2391.0;;2.0;790;62.4;3.2842;9.2;202.53325007900293;20.964485493329015
2019-11-29 04:00:00;2391.0;;1.6;790;62.4;3.2842;9.2;187.43140797117277;16.72347027383985
2019-11-29 07:00:00;2391.0;;1.8;790;62.4;3.2842;9.2;185.35582504285549;3.3104526880775733
2019-11-29 10:00:00;2391.0;;0.2;790;62.4;3.2842;9.2;341.1310005449373;8.599112163473372
2019-11-29 13:00:00;2391.0;;0.0;790;62.4;3.2842;9.2;347.9777233138181;11.37345756575331
2019-12-01 19:00:00;2391.0;;0.3;793;7.6;2.5333;5.4;241.1497100917432;19.638456583958174
2019-12-01 22:00:00;2391.0;;2.0;793;7.6;2.5333;5.4;211.84905131905475;24.008723352148387
2019-12-02 19:00:00;2391.0;;0.1;797;19.6;1.5077;5.2;262.07674071662086;20.174595039305796
2019-12-02 22:00:00;2391.0;;0.2;797;19.6;1.5077;5.2;251.28826212489955;20.227112621429757
2019-12-03 02:00:00;2391.0;;0.0;797;19.6;1.5077;5.2;252.6277515159075;19.318198492613355
2019-12-03 01:00:00;2391.0;;0.0;797;19.6;1.5077;5.2;253.97413255154984;20.14696850645307
2019-12-03 04:00:00;2391.0;;0.0;797;19.6;1.5077;5.2;255.2564371635287;18.212660266968122
2019-12-05 19:00:00;2391.0;;0.6;802;42.0;5.25;16.6;307.6749375854137;43.98534170607298
2019-12-05 22:00:00;2391.0;;0.7;802;42.0;5.25;16.6;297.88116766444824;38.104153605610776
2019-12-06 02:00:00;2391.0;;0.3;802;42.0;5.25;16.6;288.91349014373645;42.89810892102332
2019-12-06 01:00:00;2391.0;;0.3;802;42.0;5.25;16.6;286.9785901885821;38.44674199460847
2019-12-06 04:00:00;2391.0;;1.0;802;42.0;5.25;16.6;286.89717643822416;48.54896013304503
2019-12-06 19:00:00;2391.0;;1.0;803;11.0;0.9167;2.2;274.28153623507035;38.62980636762263
2019-12-06 22:00:00;2391.0;;0.6;803;11.0;0.9167;2.2;256.7335191534164;26.03272786321117
2019-12-07 02:00:00;2391.0;;0.8;803;11.0;0.9167;2.2;245.65891006330725;18.9922615820233
2019-12-07 01:00:00;2391.0;;0.8;803;11.0;0.9167;2.2;247.22297617627575;20.219768371571195
2019-12-07 04:00:00;2391.0;;0.2;803;11.0;0.9167;2.2;244.49306191115068;17.4608545609886
2019-12-10 22:00:00;2391.0;;0.7;809;23.6;3.9333;10.4;288.0041616059136;17.32850645612564
2019-12-11 02:00:00;2391.0;;0.0;809;23.6;3.9333;10.4;241.77122381862924;11.105864847007629
2019-12-11 01:00:00;2391.0;;0.0;809;23.6;3.9333;10.4;235.1755108430404;8.657516098743061
2019-12-11 04:00:00;2391.0;;3.3;809;23.6;3.9333;10.4;256.73351915341607;13.01636393160523
2019-12-11 22:00:00;2391.0;;0.8;817;8.6;2.15;4.8;316.5074357587742;5.537148182954609
2019-12-12 02:00:00;2391.0;;0.0;817;8.6;2.15;4.8;15.708637829016306;6.847757297101026
2019-12-12 01:00:00;2391.0;;0.0;817;8.6;2.15;4.8;28.95099520747145;5.532356188822164
2019-12-12 19:00:00;2391.0;;1.1;820;9.8;2.45;5.4;277.0679867265478;38.50561014969139
2019-12-12 22:00:00;2391.0;;0.5;820;9.8;2.45;5.4;275.57219780396355;29.70134975047419
2019-12-19 19:00:00;2391.0;;0.0;831;64.0;10.6667;23.0;296.565051177078;9.212600067298936
2019-12-19 22:00:00;2391.0;;2.3;831;64.0;10.6667;23.0;310.07289005234844;8.479846814654149
2019-12-20 01:00:00;2391.0;;3.0;831;64.0;10.6667;23.0;313.4234499448161;7.94169408879452
2019-12-23 02:00:00;2391.0;;2.2;834;27.0;13.5;23.6;280.92280471986874;11.958650425528482
2019-12-23 01:00:00;2391.0;;2.1;834;27.0;13.5;23.6;259.95797636446844;10.041839721883338
2019-12-23 04:00:00;2391.0;;2.0;835;6.0;1.5;3.2;296.9010929515414;15.707753276646095
2019-12-23 07:00:00;2391.0;;2.6;835;6.0;1.5;3.2;305.10332803233064;17.374057585952393
2019-12-23 19:00:00;2391.0;;0.0;837;34.2;3.42;9.4;307.21152090290224;24.18482989396429
2019-12-23 22:00:00;2391.0;;1.0;837;34.2;3.42;9.4;298.02450053207014;28.936951325251616
2019-12-24 02:00:00;2391.0;;0.3;837;34.2;3.42;9.4;248.58283364705804;25.668501027523963
2019-12-24 01:00:00;2391.0;;0.3;837;34.2;3.42;9.4;254.45508065859545;30.36264601446973
2019-12-24 04:00:00;2391.0;;1.6;837;34.2;3.42;9.4;234.76667939577212;18.03235564201216
2019-12-24 13:00:00;2391.0;;0.3;838;15.0;2.5;7.4;282.99461679191336;5.496765594419938
2019-12-24 19:00:00;2391.0;;1.0;838;15.0;2.5;7.4;310.8403577062877;8.032679378637935
2019-12-24 22:00:00;2391.0;;2.0;839;6.2;1.55;2.2;275.29008120537003;5.585791707538174
2019-12-25 01:00:00;2391.0;;2.8;839;6.2;1.55;2.2;180.535458985563;11.021481297902133
2019-12-26 19:00:00;2391.0;;0.0;840;5.0;1.6667;3.4;196.85839876773449;3.5516335678107973
2019-12-26 22:00:00;2391.0;;0.0;840;5.0;1.6667;3.4;158.79077386577475;7.402397246838492
2019-12-27 22:00:00;2391.0;;0.0;842;10.4;3.4667;8.8;125.9806775686186;9.291719001347465
2019-12-28 01:00:00;2391.0;;0.0;842;10.4;3.4667;8.8;131.12147549715107;8.613904225146856
2019-12-30 19:00:00;2391.0;;0.1;847;19.4;6.4667;12.8;66.41296947487197;7.979675306677342
2019-12-30 22:00:00;2391.0;;0.1;847;19.4;6.4667;12.8;77.82854179141381;5.373797353827357
